#Powered_by_ParaTranz;;;;;;;;;;;;;x
#CODE;ENGLISH;FRENCH;GERMAN;;SPANISH;;;;;;;;x
REL_CAPTOR;捕縛者;;;;;;;;;;;;x
PALACE_NAME;$DYNASTY$宮殿;;;;;;;;;;;;x
family_palace;宮殿;;;;;;;;;;;;x
family_palace_baron;パトリキ;;;;;;;;;;;;x
family_palace_baron_female;レディ;;;;;;;;;;;;x
family_palace_barony_of;宮殿;;;;;;;;;;;;x
family_palace_baron_foa;サー;;;;;;;;;;;;x
family_palace_baron_deed;の議長;;;;;;;;;;;;x
fp_mansion_1;邸宅;;;;;;;;;;;;x
fp_mansion_2;大邸宅;;;;;;;;;;;;x
fp_mansion_3;宮殿;;;;;;;;;;;;x
fp_mansion_4;大宮殿;;;;;;;;;;;;x
fp_barracks_1;守衛兵舎;;;;;;;;;;;;x
fp_barracks_2;刀鍛冶;;;;;;;;;;;;x
fp_barracks_3;武器庫;;;;;;;;;;;;x
fp_stable_1;小さな厩舎;;;;;;;;;;;;x
fp_stable_2;騎兵演習場;;;;;;;;;;;;x
fp_stable_3;馬飼い;;;;;;;;;;;;x
fp_bowyer_1;弓職人;;;;;;;;;;;;x
fp_bowyer_2;射撃場;;;;;;;;;;;;x
fp_bowyer_3;石弓工房;;;;;;;;;;;;x
fp_shipyard_1;地図室;;;;;;;;;;;;x
fp_shipyard_2;民間造船所;;;;;;;;;;;;x
fp_shipyard_3;海軍工廠;;;;;;;;;;;;x
fp_warehouse_1;軍用倉庫;;;;;;;;;;;;x
fp_warehouse_2;宮殿書庫;;;;;;;;;;;;x
fp_warehouse_3;行政機関;;;;;;;;;;;;x
fp_garden_1;宮殿の庭;;;;;;;;;;;;x
fp_garden_2;風光明媚な池;;;;;;;;;;;;x
fp_garden_3;生垣迷路;;;;;;;;;;;;x
fp_cellar_1;ワインセラー;;;;;;;;;;;;x
fp_cellar_2;地下墓地;;;;;;;;;;;;x
fp_cellar_3;地下建造物;;;;;;;;;;;;x
fp_shrine_1;閑静な聖堂;;;;;;;;;;;;x
fp_shrine_2;私有美術館;;;;;;;;;;;;x
fp_shrine_3;大図書館;;;;;;;;;;;;x
fp_vault_1;厳重な宝物庫;;;;;;;;;;;;x
fp_vault_2;秘密の通路;;;;;;;;;;;;x
fp_vault_3;隠し部屋;;;;;;;;;;;;x
fp_mansion_1_desc;この邸宅は何世代にも渡ってこの一族の住居となっています。外見がとても立派という訳ではありませんが、快適に過ごせる家としての機能を全てを備えています。;;;;;;;;;;;;x
fp_mansion_2_desc;この邸宅は周辺の人々の尊敬を集めるほどに立派です。重要な地位にある者の住居として相応しい家です。;;;;;;;;;;;;x
fp_mansion_3_desc;王の住居に相応しい宮殿です。その輝く塔は晴れた日には遥か遠くからも見えるでしょう。本質的にはレンガと漆喰の塊に過ぎないのかもしれませんが、この完全なる一族の脈動する心臓なのです。;;;;;;;;;;;;x
fp_mansion_4_desc;ローマ皇帝でさえ、この宮殿の壮麗さには嫉妬することでしょう。大広間は黄金と大理石で輝き、何百人もの召使いが主人の世話をするため宮殿内を日夜駆け回っています。正にこの一族の偉大さを象徴する建物です。;;;;;;;;;;;;x
fp_barracks_1_desc;王朝の守衛たちはこれらの簡素な兵舎の中で寝泊まりしています。窮屈で不衛生ですが、風雨をしのぐには十分です。;;;;;;;;;;;;x
fp_barracks_2_desc;勤勉な刀鍛冶が宮殿の中庭に鍛冶場を開きました。これで新兵に与える武器の調達がより容易になるでしょう。;;;;;;;;;;;;x
fp_barracks_3_desc;宮殿の中庭の一角に巨大な武器庫が建設されました。小規模な軍勢なら直ちに装備を整えられるだけの十分な数の武器と防具が保管されています。;;;;;;;;;;;;x
fp_stable_1_desc;城壁のちょうど外側にあるこの小さな厩舎からは、干し草と馬糞の臭いが漂ってきます。衛兵の馬だけでなく、客人の馬を預かるのにも使用されています。;;;;;;;;;;;;x
fp_stable_2_desc;地元の農民たちによって丁重に「寄贈」された宮殿のちょうど外側の広い土地は、馬場として使用されています。;;;;;;;;;;;;x
fp_stable_3_desc;馬飼いが宮殿の近くに店を開きました。広い厩舎には何百頭もの馬を収容できるので、この地で召集される兵士たちが乗る馬の安定した供給源になるでしょう。;;;;;;;;;;;;x
fp_bowyer_1_desc;熟練の弓職人が宮殿の中庭に小さな工房を開きました。ここで弓職人は新しい弓を作ったり、必要に応じて壊れた弓を修理したりすることができます。;;;;;;;;;;;;x
fp_bowyer_2_desc;この射撃場で兵士たちは弓の練習をします。異なる距離にいくつかの的が設置されていますが、的に刺さった矢を別の矢で真っ二つにした者はまだいません。;;;;;;;;;;;;x
fp_bowyer_3_desc;弩は素晴らしい発明品です。長弓ほど速く射つことはできませんが、効果的に使えるようになるまでに多くの訓練を必要としません。この工房はこの強力な武器の安定した供給源になるでしょう。;;;;;;;;;;;;x
fp_shipyard_1_desc;宮殿内のこの部屋は地図製作者の夢であり、あらゆる種類の貴重な地図が保管されています。古代ギリシャに遡ると伝えられるものもあれば、どこまで正確なのか判断できませんが、極東の不思議な土地が描かれたものもあります。;;;;;;;;;;;;x
fp_shipyard_2_desc;海岸沿いに建てられたこの大規模な施設は、王朝御用達の造船所です。熟練の船大工たちはいつでも交易用ガレー船を建造する準備ができています。;;;;;;;;;;;;x
fp_shipyard_3_desc;首都の海軍工廠は王朝御用達の施設です。艦隊を集結させ、船員を乗り込ませるのに必要な全てが整っている巨大なコンビナートです。;;;;;;;;;;;;x
fp_warehouse_1_desc;陸軍であろうと海軍であろうと、軍隊に必要な全ての消耗品が貯蔵された大倉庫です。;;;;;;;;;;;;x
fp_warehouse_2_desc;宮殿内に完全収容された巨大書庫は簡単に迷子になれます。それは船舶や建物から個々の兵士や事務員にいたるまで、一族の全財産の文書や記録が保存されています。;;;;;;;;;;;;x
fp_warehouse_3_desc;宮殿の奥深くにある事務所は、一族の帝国全体の中枢部として機能します。ここでは書記と官吏が貿易交渉と艦隊配備の日常業務を監督しています。;;;;;;;;;;;;x
fp_garden_1_desc;広大なこの庭園には、自然の美しさと驚異が凝縮されている。穏やかな雰囲気に満ちたこの場所は、ひとり静かに考えをまとめるのに最適な場所だ。;;;;;;;;;;;;x
fp_garden_2_desc;よく白鳥が訪れるこの美しい池は、宮殿の庭園の中心的存在だ。池の中央の小さな噴水からはキラキラと水が吹き上がり、水中には鯉の姿も見える。;;;;;;;;;;;;x
fp_garden_3_desc;一流の庭園になくてはならない存在がこの迷路だ。生け垣で形作られた複雑な迷路は、来訪者を大いに喜ばせる。これまでにも多くの賓客が、出口を求めて何時間もこの中をさまよったものだ。;;;;;;;;;;;;x
fp_cellar_1_desc;充実したワインのコレクションは、位の高い人間の住まいには欠かせない存在だ。その点、このワイン蔵は申し分ない。貯蔵されているワインの中には、醸造から数十年を経た貴重な品も含まれている。;;;;;;;;;;;;x
fp_cellar_2_desc;宮殿の地下にはこの王朝の墓がある。何世紀も前から存在するこの地下墓地で、この王朝に属した代々の人々が永遠の眠りについているのだ。彼らの魂が安らかであらんことを。;;;;;;;;;;;;x
fp_cellar_3_desc;この広大な地下牢は宮殿の地下深くに位置しており、そこに囚われた不運な者たちの苦痛の叫びが地上に届くことはない。冷たく暗いこの場所には、ありとあらゆる拷問道具がそろっている。;;;;;;;;;;;;x
fp_shrine_1_desc;宮殿のひと気のない一角に隠された秘密の聖堂だ。男も女も、ここであれば誰にも邪魔されずに祈り、魂の内奥を探ることができるのだ。;;;;;;;;;;;;x
fp_shrine_2_desc;宮殿のひと気のない一角に存在するこの広い展示室には、この王朝の人々が長年に渡って収集してきた数多くの芸術作品が収められている。近年のタペストリーから古代ギリシャやローマの大理石彫刻に至るまで、その種類は実に幅広い。;;;;;;;;;;;;x
fp_shrine_3_desc;王朝の人々によって全世界から集められた、ありとあらゆる古い書物が収められた広大な図書室だ。様々な言語の書物が混在しており、そのすべてを読んだ人間は存在しないが、少なくともここに保管されている限り、散逸する危険はないだろう。;;;;;;;;;;;;x
fp_vault_1_desc;長年に渡って集められた、王朝のありとあらゆる財宝が保管されている堅牢な宝物庫だ。その扉を開く鍵を自由に使うことができるのは、王朝の長だけである。その中身については様々な噂がささやかれているが、光り輝く金貨がうず高く積み上げられ、水泳の真似ごとができるほどだという話は、さすがに大げさすぎるだろう。;;;;;;;;;;;;x
fp_vault_2_desc;この秘密の通路は宮殿のありとあらゆる場所に通じており、これを熟知する者は宮殿内を誰にも見られることなく迅速に移動できる。たとえば、さりげなく設置された燭台の枝を引くだけで、何の変哲もない本棚や火のついた暖炉が横にずれ、通路への入口が現れるのだ。暗殺者の魔の手から逃れたり、退屈な社交の場からさりげなく消えるにはうってつけである。;;;;;;;;;;;;x
fp_vault_3_desc;秘密の通路を通り、さらにいくつかの鍵を使用しなければ、宮殿内にあるこの隠された部屋に入ることはできない。ここは王朝の指導者が、誰にも邪魔されることなく世界征服の計画を練ることができる安全な場所なのである。;;;;;;;;;;;;x
tr_port_1;商港;;;;;;;;;;;;x
tr_port_2;商港;;;;;;;;;;;;x
tr_port_3;商港;;;;;;;;;;;;x
tr_warehouse_1;倉庫;;;;;;;;;;;;x
tr_warehouse_2;倉庫;;;;;;;;;;;;x
tr_warehouse_3;倉庫;;;;;;;;;;;;x
tr_enclave_1;商人居住区;;;;;;;;;;;;x
tr_enclave_2;商人居住区;;;;;;;;;;;;x
tr_enclave_3;商人居住区;;;;;;;;;;;;x
tr_garrison_1;駐屯地;;;;;;;;;;;;x
tr_garrison_2;駐屯地;;;;;;;;;;;;x
tr_garrison_3;駐屯地;;;;;;;;;;;;x
tr_fort_1;砦;;;;;;;;;;;;x
tr_fort_2;砦;;;;;;;;;;;;x
tr_fort_3;砦;;;;;;;;;;;;x
tr_port_1_desc;商人のガレー船は、この小さな港で貨物の積み込みと積み降ろしをします。;;;;;;;;;;;;x
tr_port_2_desc;商人のガレー船は、この港で簡素な木製の港湾クレーンを利用し、貨物の積み込みと積み降ろしをします。;;;;;;;;;;;;x
tr_port_3_desc;商人のガレー船は、この賑やかな港で幾つかの木製の港湾クレーンを利用し、貨物の積み込みと積み降ろしをします。;;;;;;;;;;;;x
tr_warehouse_1_desc;この小さな倉庫には、海外に輸出したり、内陸の人々に売るための商品が保管されている。;;;;;;;;;;;;x
tr_warehouse_2_desc;この倉庫には、海外に輸出したり、内陸の人々に売るための商品が保管されている。;;;;;;;;;;;;x
tr_warehouse_3_desc;この大きな倉庫には、海外に輸出したり、内陸の人々に売るための商品が保管されている。;;;;;;;;;;;;x
tr_enclave_2_desc;共和国を離れた者たちが、この異国の地で交易を営むために建設した在外領地。;;;;;;;;;;;;x
tr_enclave_3_desc;共和国を離れた者たちが、この異国の地で交易を営むために設置した広大な在外領地。;;;;;;;;;;;;x
tr_garrison_1_desc;小規模な守備隊が、盗賊や商売敵から交易所を守っている。;;;;;;;;;;;;x
tr_garrison_2_desc;守備隊が、盗賊や商売敵から交易所を守っている。;;;;;;;;;;;;x
tr_garrison_3_desc;大規模な守備隊が、盗賊や商売敵から交易所を守っている。;;;;;;;;;;;;x
tr_fort_1_desc;この小さな砦から交易所を見下ろすことができ、木製の壁はあらゆる攻撃者に対する最終防衛線となります。;;;;;;;;;;;;x
tr_fort_2_desc;この小さな砦から交易所を見下ろすことができ、石製の壁はあらゆる攻撃者に対する最終防衛線となります。;;;;;;;;;;;;x
tr_fort_3_desc;この小さな砦から交易所を見下ろすことができ、分厚い石製の壁はあらゆる攻撃者に対する最終防衛線となります。;;;;;;;;;;;;x
title_state_inquisitor;政府調査官;;;;;;;;;;;;x
title_state_inquisitor_desc;三人の政府調査官は、国内外の脅威に対する共和国の安全を確保することを義務づけられています。;;;;;;;;;;;;x
title_high_admiral;上級提督;;;;;;;;;;;;x
title_high_admiral_desc;上級提督は正式な海軍本部長であり、共和国海軍を任されていますが、有能な職員に頼りがちです。;;;;;;;;;;;;x
title_high_judge;高等判事;;;;;;;;;;;;x
title_high_judge_desc;高等判事は共和国の法を執行する最高責任者であり、ほとんどの場合、評議会の命令によってのみ活動します。;;;;;;;;;;;;x
EXPENSE_FAMILY_DUES;一族への年金;;;;;;;;;;;;x
TRIGGER_CAPITAL_HOLDING;首都地区;;;;;;;;;;;;x
EVTDESC60014;偉大なる[Root.GetTitledName]と[Root.GetHerHis]の全封臣はネストリウス派キリスト教に改宗した！;;;;;;;;;;;;x
TRIGGER_PLOT_TARGET_PROVINCE;陰謀の標的州;;;;;;;;;;;;x
EMBARGO_EFFECT;§Y$WHO$§!のと交易を禁じ、§Y$NUM$§!箇所の交易所を破壊して§G$GOLD$§!¤を得る\n;;;;;;;;;;;;x
LIFT_EMBARGO_EFFECT;$WHO$に対する禁輸を解く\n;;;;;;;;;;;;x
TRADE_INCOME;貿易収入;;;;;;;;;;;;x
TRIGGER_TRADE_POST_OWNER;交易所の所有者;;;;;;;;;;;;x
FAM_REAL_FATHER;実父;;;;;;;;;;;;x
AN_UNKNOWN_FATHER;身元不明の父親;;;;;;;;;;;;x
WAS_NOT_CONCEIVED_A_BASTARD;出産前に非嫡出子とされなかった;;;;;;;;;;;;x
WAS_CONCEIVED_A_BASTARD;出産前に非嫡出子とされた;;;;;;;;;;;;x
FATHER_OF_UNBORN_KNOWN;赤ん坊の父親は不明;;;;;;;;;;;;x
FATHER_OF_UNBORN_NOT_KNOWN;赤ん坊の父親はわかっている;;;;;;;;;;;;x
EVTDESC319;私と[From.GetTitledFirstName]の秘密の戯れによって、一人の子供がこの世に生を受けた。だが幸いなことに[FromFrom.Father.GetTitledFirstName]は小さな[FromFrom.GetFirstName]を自分の子だと信じている！;;;;;;;;;;;;x
EVTOPTA319;おっと;;;;;;;;;;;;x
SET_FATHER_OF_UNBORN_KNOWN;赤ん坊の父親は判明した\n;;;;;;;;;;;;x
SET_FATHER_OF_UNBORN_NOT_KNOWN;赤ん坊の父親は不明\n;;;;;;;;;;;;x
HAVE_NOT_DYNASTY_FLAG;王朝の旗を持たない;;;;;;;;;;;;x
HAVE_DYNASTY_FLAG;王朝の旗を持っている;;;;;;;;;;;;x
HAD_DYNASTY_FLAG_LESS_THAN;王朝の旗'§Y$FLAG$§!'の保持期間が§Y$DAYS$§!日未満;;;;;;;;;;;;x
HAD_DYNASTY_FLAG_AT_LEAST;王朝の旗'§Y$FLAG$§!'の保持期間が§Y$DAYS$§!日以上;;;;;;;;;;;;x
d_hansa;ハンザ同盟;;;;;;;;;;;;x
d_hansa_adj;ハンザ同盟;;;;;;;;;;;;x
RESPECT;敬意;;;;;;;;;;;;x
RESPECT_DESC;敬意は、年齢と名声に応じて都市貴族が獲得できる値であり、その人物が総督に選出される確率を決めます。敬意値は、選挙運動費に投資することによって高められますが、女性や子供が総督になることはできません。;;;;;;;;;;;;x
AGE_FACTOR;年齢による得点;;;;;;;;;;;;x
IS_PATRICIAN;都市貴族である;;;;;;;;;;;;x
ISNT_PATRICIAN;都市貴族でない;;;;;;;;;;;;x
IS_MERCHANT_REPUBLIC;商業共和国である;;;;;;;;;;;;x
ISNT_MERCHANT_REPUBLIC;商業共和国でない;;;;;;;;;;;;x
patrician_elective;元老院選挙制;;;;;;;;;;;;x
succ_patrician_elective;元老院選挙制;;;;;;;;;;;;x
succ_patrician_elective_desc;これは大いなる海上商業共和国の継承法です。次期元首は年齢、威信、および選挙資金の投資に応じて、5つの都市貴族一族の当主から決定されます。;;;;;;;;;;;;x
IN_FAVOR_OF;§Y$NAME$§Wが優勢;;;;;;;;;;;;x
NO_BANKRUPT;破産していない;;;;;;;;;;;;x
TRADEPOST_PROV;$PROV$の交易所;;;;;;;;;;;;x
TRADEPOST_PROV_LONG;$PROV$の交易所 - §Y$REPUBLIC$§! ( §Y$FAMILY$§! );;;;;;;;;;;;x
TRADE_COST_DIST_TOTAL;距離ペナルティ: §Y+$PENALTY$%§! ( 総距離の§Y$MULT$%§! );;;;;;;;;;;;x
TRADE_COST_DIST;プロヴィンスを持つ共和国との距離 ( §Y$PROVINCE$§W ): §Y$COST$§W;;;;;;;;;;;;x
TRADE_COST_REGION_PEN;異なる交易地域: §Y+$PENALTY$§!;;;;;;;;;;;;x
TRADE_COST_MULT;距離によるコスト増加の乗数: §Y$MULT$%§!;;;;;;;;;;;;x
TOTAL_COST;総費用: §Y$COST$§W;;;;;;;;;;;;x
TRADEPOST_FINISHED_SETUP;交易所の建設完了;;;;;;;;;;;;x
TRADEPOST_FINISHED_LOG;§Y$PROVINCE$§!に§Y$REPUBLIC$§!の§Y$FAMILY$§!家が交易所を設立しました。;;;;;;;;;;;;x
TRADEPOST_OWNER;交易所を§Y$FAMILY$§W家が所有している;;;;;;;;;;;;x
TRADEREGION_DESC;この州は§Y$REGION$§!に属しています;;;;;;;;;;;;x
TRADE;交易;;;;;;;;;;;;x
TRADE_ZONE;交易圏:;;;;;;;;;;;;x
TOTAL_TRADE_FAMILY;一族の合計:;;;;;;;;;;;;x
TRADE_ZONE_BONUS;交易圏ボーナス;;;;;;;;;;;;x
TRADE_CONNECTED_BONUS;首都に接続;;;;;;;;;;;;x
CURRENT_INCOME;現在の基本収入: §Y$INCOME$§!;;;;;;;;;;;;x
TRADEZONE_SIZE;交易圏の規模;;;;;;;;;;;;x
TRADEZONE_SIZE_DESC;この交易所が属する交易ゾーンに存在する交易所の数;;;;;;;;;;;;x
TRADEZONE_VALUE;交易圏値;;;;;;;;;;;;x
TRADEZONE_VALUE_DESC;この交易圏にあるすべての州区の価値\nこの交易圏に存在する交易所や都市の価値が高まる：\n交易所：§Y$TPBONUS$§!\n都市：§Y$CTBONUS$§!;;;;;;;;;;;;x
TRADEZONE_INCOME;交易圏の収入;;;;;;;;;;;;x
TRADEZONE_INCOME_DESC;この交易圏の交易所からの総収入: §Y$INCOME$§!¤;;;;;;;;;;;;x
TheRepublicDLC;『The Republic』;;;;;;;;;;;;x
TRADEFAMILY_INCOME;一家の合計収入;;;;;;;;;;;;x
TRADEFAMILY_INCOME_DESC;§Y$FAMILY$§!家が所有する全ての交易所からの合計収入: §Y$INCOME$§!¤;;;;;;;;;;;;x
TRADEFAMILY_SIZE;一家の規模;;;;;;;;;;;;x
TRADEFAMILY_SIZE_DESC;§Y$FAMILY$§!家が所有する交易所の数;;;;;;;;;;;;x
MODIFIER_TRADEVALUE;交易額;;;;;;;;;;;;x
MODIFIER_RETINUESIZE;常備軍の規模;;;;;;;;;;;;x
FROM_TRADEPOSTS;交易所から: §G$AMOUNT$§!\n;;;;;;;;;;;;x
FROM_MANPOWER;人的資源から: §G$AMOUNT$§!\n;;;;;;;;;;;;x
FROM_HOLDINGS;州区から：§G$AMOUNT$§!\n;;;;;;;;;;;;x
CUSTOM_MAPMODE_DESC;§Yカスタム可能なマップモードスロット§!\nここにマップモードをドラッグすると選択しやすくなります;;;;;;;;;;;;x
SHOW_MAPMODES_TOGGLE;マップモード・インターフェースを切り替える;;;;;;;;;;;;x
MAPMODE_DRAG;§Gこのボタンを下のカスタムスロットに移動すると、簡単にアクセスできる§!;;;;;;;;;;;;x
SHORTCUT_DESC;ショートカット: §G$SHORTCUT$§!;;;;;;;;;;;;x
MAPMODE_TRADE_REGIONS;§Y交易地域§!;;;;;;;;;;;;x
MAPMODE_TRADE_REGIONS_DESC;地区を保有していない地域で交易所を建設するとより高い費用がかかる;;;;;;;;;;;;x
region_east_med;東地中海の交易地域;;;;;;;;;;;;x
region_west_med;西地中海の交易地域;;;;;;;;;;;;x
region_north_atlantic;北大西洋の交易地域;;;;;;;;;;;;x
region_baltic;バルト海の交易地域;;;;;;;;;;;;x
CANT_BUILD_TRADEPOST_EMBARGO;$WHO$によって禁輸が行われていない;;;;;;;;;;;;x
CANT_BUILD_TRADEPOST_COASTAL;沿岸;;;;;;;;;;;;x
IS_YOUNGER_THAN;右記よりも若い：;;;;;;;;;;;;x
IS_OLDER_THAN;右記よりも年上である：;;;;;;;;;;;;x
CAMPAIGN_FUND;選挙資金;;;;;;;;;;;;x
CAMPAIGN_FUND_DESC;選挙資金を投じることで、元老院からの敬意が上昇し、自分の推薦した候補者が次の$RULER_TITLE$に選出される確率が高まります。投資額の調節は、現在の$RULER_TITLE$が死去するまで自由に行えます（死去した時点で資金は選挙運動のために全額消費されます）。;;;;;;;;;;;;x
EXPECTED_SUCCESSOR;予想される後継者;;;;;;;;;;;;x
EXPECTED_SUCCESSOR_DESC;§Y$HEIR$§!が§Y$RULER$§!の後を継ぐことはほぼ確実と考えられています。しかし選挙に絶対はありません。成功をより確実なものとするため、選挙運動資金にもっと投資しておくのも一手です。;;;;;;;;;;;;x
opinion_patrician_wo_council_position;評議員ではない;;;;;;;;;;;;x
THE_REPUBLIC;共和国;;;;;;;;;;;;x
PATRICIAN_DYNASTY_FALLS_SETUP;都市貴族の没落;;;;;;;;;;;;x
PATRICIAN_DYNASTY_FALLS_LOG;§Y$PATRICIAN$§!の死により輝かしき§Y$DYNASTY$§!家は断絶した。;;;;;;;;;;;;x
PATRICIAN_DYNASTY_RISES_SETUP;新たな都市貴族の勃興;;;;;;;;;;;;x
PATRICIAN_DYNASTY_RISES_LOG;§Y$PATRICIAN$§!の元新たな名家が$TITLE_ADJ$の政治の表舞台に台頭してきた。;;;;;;;;;;;;x
NEW_DOGE_ELECTED_SETUP;商業共和国選挙;;;;;;;;;;;;x
NEW_DOGE_ELECTED_LOG;§Y$NEW_DOGE$§!が§Y$TITLE$§!$RULER_TITLE$に選出された。;;;;;;;;;;;;x
GREAT_DUKE;大公;;;;;;;;;;;;x
city_king;執政官;;;;;;;;;;;;x
city_duke;市大総督;;;;;;;;;;;;x
CB_NAME_EMBARGO;禁輸;;;;;;;;;;;;x
WAR_NAME_EMBARGO;$ORDER$$FIRST_ADJ$対$SECOND_ADJ$禁輸戦争;;;;;;;;;;;;x
CB_NAME_COASTAL_REPUBLIC;[Title.GetBaseName]の都市の奪取;;;;;;;;;;;;x
WAR_NAME_COASTAL_REPUBLIC;$FIRST_ADJ$対$SECOND_ADJ$$ORDER$$OTHER_TITLE$市係争戦争;;;;;;;;;;;;x
CB_NAME_COASTAL_COUNTY_REPUBLIC;[Title.GetBaseName]の奪取;;;;;;;;;;;;x
WAR_NAME_COASTAL_COUNTY_REPUBLIC;$FIRST_ADJ$対$SECOND_ADJ$$ORDER$$OTHER_TITLE$沿岸戦争;;;;;;;;;;;;x
IS_EMBARGOING;§Y$OTHER$§!に対して禁輸中である;;;;;;;;;;;;x
REPUBLICAN;共和国;;;;;;;;;;;;x
IS_NOT_EMBARGOING;§Y$OTHER$§!に対して禁輸していない;;;;;;;;;;;;x
INTERACTION_REQUIRES_RECIPIENT_NO_CONTESTED_TITLES;§Y[Recipient.GetTitledFirstName]§!は現在戦争で係争中の称号を一つも持っていません;;;;;;;;;;;;x
INTERACTION_REPUBLICS_NEED_REVOKE_REASON;共和国の元首には投獄の正当な理由がありません。;;;;;;;;;;;;x
INTERACTION_REQUIRES_PATRICIAN_DOWRY;貴人との結婚のため結納金§Y$DOWRY$§!¤を払える;;;;;;;;;;;;x
OFFER_MARRIGE_INTERACTION_4;§Y[RecipientExtra.GetFirstName]§!ほど高貴な女性と結婚するためには結納金§R$DOWRY$§!¤が必要です。;;;;;;;;;;;;x
ARRANGE_BETROTHAL_INTERACTION_4;§Y[RecipientExtra.GetFirstName]§!ほど高貴な女性と結婚するためには結納金§R$DOWRY$§!¤が必要です。;;;;;;;;;;;;x
OFFER_MARRIGE_INTERACTION_LETTER_BRIDE_PRICE;[ActorExtra.GetBestName]と[RecipientExtra.GetBestName]との婚姻を提案いたします。勿論、かほどの貴人が相手ともなれば、結納金$DOWRY$¤もお支払い申し上げます;;;;;;;;;;;;x
ARRANGE_BETROTHAL_INTERACTION_LETTER_BRIDE_PRICE;[ActorExtra.GetBestName]と[RecipientExtra.GetBestName]との婚約を提案いたします。勿論、かほどの貴人が相手ともなれば、結納金$DOWRY$¤もお支払い申し上げます;;;;;;;;;;;;x
RELEASE_VASSAL_INTERACTION_TITLE;独立の許しを与える;;;;;;;;;;;;x
RELEASE_VASSAL_INTERACTION_DESC;封臣に独立の許しを与えます;;;;;;;;;;;;x
RELEASE_VASSAL_INTERACTION_LONG_DESC;独立した主は直臣に独立の許しを与えることができます。;;;;;;;;;;;;x
RELEASE_VASSAL_INTERACTION_ACCEPT_SETUP;独立の許しを受け入れた;;;;;;;;;;;;x
RELEASE_VASSAL_INTERACTION_ACCEPT_LOG;§Y[Actor.GetTitledName]§Wは§Y[Recipient.GetTitledName]§Wに独立の許しを与えた;;;;;;;;;;;;x
RELEASE_VASSAL_INTERACTION_DECLINE_SETUP;独立の許しを断った;;;;;;;;;;;;x
RELEASE_VASSAL_INTERACTION_DECLINE_LOG;§Y[Recipient.GetTitledName]§Wは§Y[Actor.GetTitledName]§Wからの独立の許しを断った。;;;;;;;;;;;;x
RELEASE_VASSAL_INTERACTION_OFFER;[Actor.GetTitledName]に独立の許しを賜った！;;;;;;;;;;;;x
RELEASE_VASSAL_INTERACTION_LETTER;君を私への臣従の義務から解放する。私はもはや君の主ではない。貴方の将来の旅路に[Actor.Religion.GetRandomGodNameCap]の祝福のあらんことを！;;;;;;;;;;;;x
VASSAL_RELEASED_SETUP;臣従関係は終わった;;;;;;;;;;;;x
VASSAL_RELEASED_LETTER;敬愛すべき$VASSAL$殿よ、政治的理由から君を私への臣従の義務から解放し、完全なる独立を与えようと思う。幸運のあらんことを！\n\n$LIEGE$;;;;;;;;;;;;x
VASSAL_RELEASED_LOG;§Y$LIEGE$§!は§Y$VASSAL$§!に独立の許しを与えた;;;;;;;;;;;;x
ca_wall_q_1_desc;この城砦を囲む浅い堀を攻撃側は更に越えなければいけません。;;;;;;;;;;;;x
ca_wall_q_2_desc;この狭い矢狭間から、守り手は自分の安全を確保しながら攻め手には矢の雨を降らせることができます。;;;;;;;;;;;;x
ca_wall_q_3_desc;城門には落とし格子が設けられ、状況に応じて迅速に昇降できます。;;;;;;;;;;;;x
ca_wall_q_4_desc;不潔な水で満たされた深い堀です。どんな攻撃者にとっても恐るべき障害となります。;;;;;;;;;;;;x
ca_wall_q_5_desc;門の外に張り巡らされた外堡網によって攻撃側は主市壁に近づく前から攻撃を受けます。;;;;;;;;;;;;x
ca_wall_1_desc;屑共を締め出す簡素な木柵です。しかし決然たる攻撃にはそれほど長くもたないでしょう。;;;;;;;;;;;;x
ca_wall_2_desc;この城壁はいくらかの防御になる程度にはなりますが、簡単によじ登れてしまう程度には低いものです。;;;;;;;;;;;;x
ca_wall_3_desc;この石壁は城砦を取り囲んでおり、攻撃側はこれを乗り越えなければなりません。;;;;;;;;;;;;x
ca_wall_4_desc;この大きな壁は城砦を取り囲んでおり、攻撃者側これを乗り越えなければなりません。;;;;;;;;;;;;x
ca_wall_5_desc;この巨大な壁は城砦を取り囲んでおり、攻撃側はこれを乗り越えなければなりません。;;;;;;;;;;;;x
ca_keep_1_desc;この天守は城の城主の住居兼要塞として機能します。;;;;;;;;;;;;x
ca_militia_barracks_1_desc;この簡素な練兵場で百姓に戦闘訓練を行います。;;;;;;;;;;;;x
ca_militia_barracks_2_desc;召集兵が弓の技術を習得する弓射場です。;;;;;;;;;;;;x
ca_militia_barracks_3_desc;召集兵が弓の扱い方を習得する拡張弓射場です。;;;;;;;;;;;;x
ca_barracks_1_desc;この兵舎は城砦の徴用兵の住居です。;;;;;;;;;;;;x
ca_stable_1_desc;この城壁のすぐ外にある厩舎には、召集軍の軍馬が全て収容されています。;;;;;;;;;;;;x
ca_town_1_desc;防護を求めて城壁の周りに集まった地元の百姓によって形成された小さな村です;;;;;;;;;;;;x
ca_town_2_desc;防護を求めて城壁の周りに集まった地元の百姓によって形成された町です。;;;;;;;;;;;;x
ca_town_3_desc;防護を求めて城壁の周りに集まった地元の百姓によって形成された市街です。;;;;;;;;;;;;x
ca_town_4_desc;この城砦を取り囲んでいたかつての小さな村は数千人の住民が暮らす大都市になりました。;;;;;;;;;;;;x
ca_town_5_desc;この城砦を取り囲んでいたかつての小さな村は数千人の住民が暮らす賑やかな主要都市になりました。;;;;;;;;;;;;x
ca_warrior_cult_desc;原始宗教を奉ずる戦士が全ての近隣部族からここに集い、戦いを始める前に血の狂乱に身を任せます。;;;;;;;;;;;;x
ca_culture_frank_norman_german_1_desc;馬上槍試合やその他の騎士道に関する大会がここで行われ、騎士達が対決します。;;;;;;;;;;;;x
ca_culture_group_north_germanic_1_desc;ハスカールの練兵場です。強力な戦斧を装備した優秀だが気性の荒い重歩兵がここから生まれます。;;;;;;;;;;;;x
ca_culture_hungarian_1_desc;ユサールは優秀な軽騎兵で、散開してあらゆる方向から敵を攻撃した後、再集結してそれを繰り返すという訓練を積んでいる。;;;;;;;;;;;;x
ca_culture_group_arabic_1_desc;ラクダは適応力が高いうえに丈夫なので、特に砂漠での騎乗に向いてます。敵の馬がラクダの臭いに恐れをなすという利点だけではなく、荷運びに適しているので、馬を戦闘に備えて温存できるという利点もあります。;;;;;;;;;;;;x
ca_culture_group_byzantine_1_desc;カタフラクトは人馬共に鉄の鎧を纏った重騎兵で、戦場においては恐ろしい見た目であるだけでなく、実際にその騎兵突撃に耐えられる部隊は殆どいません。;;;;;;;;;;;;x
ca_culture_west_african_1_desc;ホロン階級の自由戦士達は毒矢を使う弓兵です。;;;;;;;;;;;;x
ct_wall_q_1_desc;この都市を囲む浅い堀を攻撃側は更に越えなければいけません。;;;;;;;;;;;;x
ct_wall_q_2_desc;この守衛詰所は都市への入り口を防衛し、誰が入って来るのか、誰が去るのかを簡単に管理できます。;;;;;;;;;;;;x
ct_wall_3_desc;この石壁は都市を取り囲んでおり、攻撃側はこれを乗り越えなければなりません。;;;;;;;;;;;;x
ct_wall_4_desc;この大城壁は都市を取り囲んでおり、攻撃側はこれを乗り越えなければなりません。;;;;;;;;;;;;x
ct_wall_5_desc;この巨大な壁は都市を取り囲んでおり、攻撃側はこれを乗り越えなければなりません。;;;;;;;;;;;;x
ct_training_grounds_1_desc;都市の民兵がここに集められ、訓練と武装を施されます。;;;;;;;;;;;;x
ct_barracks_2_desc;この射場で都市の住民に弓の練習をさせ、民兵軍のための熟練した弓兵を生み出します。;;;;;;;;;;;;x
ct_guard_1_desc;都市警備隊がここに本部を置き、法を破る者や平和を乱す者を絶えず監視しています。;;;;;;;;;;;;x
ct_marketplace_1_desc;商人たちが商品を売り歩いている町の小さな中央市場です。;;;;;;;;;;;;x
ct_marketplace_2_desc;ここで都市のギルドが会合し、その活動の計画を行います。;;;;;;;;;;;;x
ct_marketplace_3_desc;関所では通過する行商人から関税を強制徴収し、あらゆる都市に歓迎すべき歳入増加をもたらします。;;;;;;;;;;;;x
ct_marketplace_4_desc;ここで都市の法的問題を判決し、貿易と商取引ができるだけ円滑に流れるようにします。;;;;;;;;;;;;x
ct_marketplace_5_desc;検定所は貴金属の純度を検査し、純正品であることを証明されたものに品質の証として検定者がマスターの印を与えます。これは公正かつ誠実な取引を促進するのに役立ちます。;;;;;;;;;;;;x
ct_marketplace_6_desc;この会場は壮大な定期市を開催するのに十分な大きさで、領国全域から商人や芸人を呼び寄せます。;;;;;;;;;;;;x
ct_port_1_desc;荷積みや荷下ろしに訪れる船舶の修理を行う港です。;;;;;;;;;;;;x
ct_university_1_desc;入学許可を得るのに十分な影響力を持つ人物のための高等教育を受ける場所です。;;;;;;;;;;;;x
tp_wall_q_1_desc;この[Root.Holder.GetHouseOfWorship]を囲む浅い堀を攻撃側は更に越えなければいけません。;;;;;;;;;;;;x
tp_wall_q_2_desc;この守衛詰所は[Root.Holder.GetHouseOfWorship]への入り口を防衛し、誰が入って来るのか、誰が去るのかを簡単に管理できます。;;;;;;;;;;;;x
tp_wall_3_desc;この石壁は[Root.Holder.GetHouseOfWorship]を取り囲んでおり、攻撃側はこれを乗り越えなければなりません。;;;;;;;;;;;;x
tp_wall_4_desc;この大城壁は[Root.Holder.GetHouseOfWorship]を取り囲んでおり、攻撃側はこれを乗り越えなければなりません。;;;;;;;;;;;;x
tp_wall_5_desc;この巨大な壁は[Root.Holder.GetHouseOfWorship]を取り囲んでおり、攻撃側はこれを乗り越えなければなりません。;;;;;;;;;;;;x
tp_monastery_1_desc;この[Root.Holder.GetHouseOfWorship]は地域社会の信仰の中心地として機能します。;;;;;;;;;;;;x
tp_monastery_2_desc;この見事な大聖堂を訪れるため、領国中から人が集まります。また大きな目印としても機能し、その尖塔は遠くからでも見えます。;;;;;;;;;;;;x
tp_barracks_1_desc;必要に応じて地元農家の百姓が[Root.Holder.GetHouseOfWorship]民兵として徴用され、ここに駐留します。;;;;;;;;;;;;x
tp_elite_barracks_1_desc;この聖なる戦士達は、[Root.Holder.GetHouseOfWorship]を命がけで守ることを誓っています。;;;;;;;;;;;;x
tp_town_1_desc;信心深い農民達の小さな村が、[Root.Holder.GetHouseOfWorship]の周りに形成されています。;;;;;;;;;;;;x
tp_town_2_desc;信心深い農民達の町が、[Root.Holder.GetHouseOfWorship]の周りに形成されています。;;;;;;;;;;;;x
tp_town_3_desc;信心深い農民達の大きな町が、[Root.Holder.GetHouseOfWorship]の周りに形成されています。;;;;;;;;;;;;x
tp_town_4_desc;かつてこの[Root.Holder.GetHouseOfWorship]を取り囲んでいた小さな村は大都市へと変貌し、数千人の住民が故郷と呼んでいます。;;;;;;;;;;;;x
tp_town_5_desc;かつてこの[Root.Holder.GetHouseOfWorship]を取り囲んでいた小さな村は賑やかな大都市へと変貌し、数千人の住民が故郷と呼んでいます。;;;;;;;;;;;;x
tp_school_1_desc;この学校では多くの科目を教え、高等教育の希少な中心地ですが、ここに在籍する学生は、主に聖職者の将来のキャリアのために備えて勉強しています。女性は入学できません。;;;;;;;;;;;;x
ct_marketplace_1_desc_muslim;町の中心にある小さなバザールでは、商人が商品を売り歩いています。;;;;;;;;;;;;x
ct_marketplace_2_desc_muslim;町の中心にある大きなバザールでは、商人が商品を売り歩いています。;;;;;;;;;;;;x
ct_marketplace_3_desc_muslim;この野外市場は、ほとんど何でも購入することができるくらいに商店でいっぱいです。;;;;;;;;;;;;x
ct_marketplace_4_desc_muslim;この壁に囲まれた人口密度の高い街区は、狭い通りや路地の複雑な迷路になっています。;;;;;;;;;;;;x
ct_marketplace_5_desc_muslim;この壁に囲まれた人口密度の高い街区は、都市の中心地を形成し、狭い通りや路地の複雑な迷路になっています。;;;;;;;;;;;;x
ct_marketplace_6_desc_muslim;知られている世界の各地からやって来た商人でいっぱいの素晴らしいバザールです。ここで欲しい物が見つからないことは恐らくないでしょう。;;;;;;;;;;;;x
tp_wall_q_1_desc_muslim;このモスクを囲む浅い堀は、攻撃者が克服するもう一つの障害となります。;;;;;;;;;;;;x
tp_wall_q_2_desc_muslim;この守衛詰所はモスクへの入り口を防衛し、誰が入って来るのか、誰が去るのかを簡単に管理できます。;;;;;;;;;;;;x
tp_wall_3_desc_muslim;この石壁はモスクを取り囲み、攻撃者はこれを乗り越えなければなりません。;;;;;;;;;;;;x
tp_wall_4_desc_muslim;この大きな壁はモスクを取り囲み、攻撃者はこれを乗り越えなければなりません。;;;;;;;;;;;;x
tp_wall_5_desc_muslim;この巨大な壁はモスクを取り囲み、攻撃者はこれを乗り越えなければなりません。;;;;;;;;;;;;x
tp_monastery_1_desc_muslim;このモスクは地域社会の信仰の中心地として機能します。;;;;;;;;;;;;x
tp_monastery_2_desc_muslim;領地全体の人々がここをやって来て、この印象的なモスクを訪れます。それは主要な陸標としても機能し、その尖塔は遠くからでも見ることができます。;;;;;;;;;;;;x
tp_barracks_1_desc_muslim;必要に応じて地元農家の農民がモスク民兵軍に召集され、ここに駐留します。;;;;;;;;;;;;x
tp_elite_barracks_1_desc_muslim;この聖なる戦士達は、モスクを命がけで守ることを誓っています。;;;;;;;;;;;;x
tp_town_1_desc_muslim;この誠実な農民の小さな村が、モスクの周りに形成されています。;;;;;;;;;;;;x
tp_town_2_desc_muslim;この誠実な農民の町が、モスクの周りに形成されています。;;;;;;;;;;;;x
tp_town_3_desc_muslim;この誠実な農民の大きな町が、モスクの周りに形成されています。;;;;;;;;;;;;x
tp_town_4_desc_muslim;かつてこのモスクを取り囲んでいた小さな村は大都市へと変貌し、数千人の住民が故郷と呼んでいます。;;;;;;;;;;;;x
tp_town_5_desc_muslim;かつてこのモスクを取り囲んでいた小さな村は賑やかな大都市へと変貌し、数千人の住民が故郷と呼んでいます。;;;;;;;;;;;;x
FC_FIND_CHARACTERS;人物を探す;;;;;;;;;;;;x
CB_NAME_SEIZE_TRADE_POST;[Title.GetBaseName]の交易所を奪取;;;;;;;;;;;;x
WAR_NAME_SEIZE_TRADE_POST;$OTHER_TITLE$の交易所を巡る$ORDER$$FIRST_ADJ$対$SECOND_ADJ$戦争;;;;;;;;;;;;x
TRIGGER_SEA_ZONE;交易所の所有者;;;;;;;;;;;;x
SEIZE_TRADE_POST_EFFECT;§Y$TAKER$§!は§Y$PROV$§!の交易所を奪取する;;;;;;;;;;;;x
opinion_feuding_family;一族間の敵対関係;;;;;;;;;;;;x
opinion_feuding_family_light;一族間の敵対関係;;;;;;;;;;;;x
EVTDESC_REP_002;交易ガレー船の船長の一人が、積荷の一部を命令通り輸送せず、あろうことか[From.GetOnlyDynastyName]の密輸人に横流ししていたことが判明した。ほんの少しならバレないだろうとタカをくくっていたらしい。問題の船長と部下の船員たちはすでに投獄されているが、積荷を横流しした分の金はすでに酒や女にあらかた使われてしまっていた。;;;;;;;;;;;;x
EVTOPTA_REP_002;誰も信用できないひどい世の中だ！;;;;;;;;;;;;x
EVTDESC_REP_003;嵐に遭った交易ガレー船の一隻が今日予定より数日遅れて港に到着した。残念ながら、積荷はすべて海水をかぶり、売り物にならなくなっていた。大変な損失だ。;;;;;;;;;;;;x
EVTOPTA_REP_003;なんということだ！;;;;;;;;;;;;x
EVTDESC_REP_005;[Root.GetOnlyDynastyName]家の交易ガレー船が、予定を数日過ぎても入港しないので気を揉んでいたところ、今朝、[From.GetOnlyDynastyName]の元で働いている別の船長が船の残骸らしき漂流物を持って帰港した。先日の嵐の後、海面を漂っているのを発見したのだという。どうやら自分の交易船は海の藻屑と消えたようだ。;;;;;;;;;;;;x
EVTOPTA_REP_005;海こそ彼らの墓場なれば、か。;;;;;;;;;;;;x
EVTDESC_REP_006;我が一家が所有する交易ガレー船団が、外洋で海賊に襲われた！その内2隻を海のならず者どもに拿捕された。残念ながら、船とともに捕らえられた乗組員を救う手立ては皆無に等しい。おそらくは積荷とともに奴隷として売られることになるだろう。;;;;;;;;;;;;x
EVTOPTA_REP_006;野蛮人め！;;;;;;;;;;;;x
EVTDESC_REP_007;[Root.GetOnlyDynastyName]の旗を掲げて貴重な積み荷を満載して母校に戻る途中の輸送船団が今日、海賊に襲撃された。だが乗組員たちが機転をきかせたおかげで、逆に海賊から2隻ガレー船を拿捕することに成功した！賞金は皆に平等に分配されるが、うまい汁を吸うのは自分だ！;;;;;;;;;;;;x
EVTOPTA_REP_007;たまにはこういうこともないとな。;;;;;;;;;;;;x
EVTDESC_REP_008;所有する輸送船の一隻が、貴重で上質な異国の香辛料を積んで帰還した。その噂はまたたく間に[Root.MercRepCapital.GetName]中に広がり、貴族たちはすでに港で行列を作っている。誰もがこの珍しい品物を買いたくてたまらないのだ。;;;;;;;;;;;;x
EVTOPTA_REP_008;胡椒ひと粒は金ひと粒というからな。;;;;;;;;;;;;x
EVTDESC_REP_009;ガレー船団のある一隻を任された野心あふれる船長が、異国の沿岸部に新しい市場をいくつか発見してくれた。海の彼方に存在するそれらの港には大きな利益を得られる交易のチャンスが満ち満ちているとのことだ。;;;;;;;;;;;;x
EVTOPTA_REP_009;商売の法則62条。「危険な賭けほど勝ったときの儲けは大きい」、だ。;;;;;;;;;;;;x
EVTDESC_REP_010;何年も前に沈没したと思われていた[Root.GetOnlyDynastyName]家所有のガレー船が、驚いたことに昨夜、港に音もなく滑り込んできた。船体には無数の矢が突き刺さり、帆もズタズタになっていたが、そんな状態でも船長は積荷だけは無事に持ち帰ったのだ。よほど大変な冒険をくぐり抜けてきたことだろう。;;;;;;;;;;;;x
EVTOPTA_REP_010;待ちくたびれたぞ！;;;;;;;;;;;;x
EVTDESC_REP_011;怠け者で恩知らずな[Root.MercRepCapital.GetName]の人夫どもが、船から荷を降ろす作業を拒否している！人夫共はバリケードを築き、劣悪な労働環境と低賃金が改善されるまでは誰も通さないと息巻いている。各家に仕える兵士たちが、騒ぎの指導者を黙らせようと既に動いているが、作業の遅れによって多大な損失が出ることはもはや避けられない状況だ。;;;;;;;;;;;;x
EVTOPTA_REP_011;恩を仇で返しおって……;;;;;;;;;;;;x
EVTDESC_REP_012;我が一家が所有する[Root.MercRepCapital.GetName]の大倉庫で火災が発生した！人夫たちが延焼を防ごうと人海戦術で消火作業にあたっているが、すでに倉庫に保管されていた多くの多くの貴重な品々が失われてしまったようだ。;;;;;;;;;;;;x
EVTOPTA_REP_012;なんたることだ。;;;;;;;;;;;;x
EVTDESC_REP_014;[From.GetOnlyDynastyName]家の女性と問題を起こしたある地元のある裕福な貴族に「報酬ははずむから外国の港へ向かう貴方の船に自分も一緒に乗せて欲しい」と言われた。そこでならほとぼりが冷めるまで隠れ住むことができるのだと言う;;;;;;;;;;;;x
EVTOPTA_REP_014;いいだろう。手配しよう。;;;;;;;;;;;;x
EVTDESC_REP_015;港で自分の船への荷の積み下ろしを担当している人夫たちが、最近とみに効率的な仕事ぶりを見せるようになっている。あまりに作業が手早過ぎてまたたく間に出航準備が整ってしまうため、陸に上がった船員たちが、ゆっくりと[Root.MercRepCapital.GetName]で呑んだくれる暇もないとこぼすほどだ。;;;;;;;;;;;;x
EVTOPTA_REP_015;いいぞ、その調子だ。;;;;;;;;;;;;x
EVTDESC_REP_016;[Root.GetOnlyDynastyName]のガレー船が、[Root.MercRepCapital.GetName]港内の海底で、何百年も前に沈没した船の残骸を発見した。潜水夫に船内を調べさせたところ、金塊の入った小さな宝箱がみつかった！;;;;;;;;;;;;x
EVTOPTA_REP_016;思わぬ収入だ！;;;;;;;;;;;;x
EVTDESC_REP_017;我らが共和国の船団が新たな交易の機会を求め日々大海原を縦横無尽に駆け巡ってきた成果として海図の精度が一段と向上した。これまで安全に航行するのは難しいとされていた海岸沿いの海域が比較的安全に航行できるようになり、目的地により早く到達できるようになったのだ。;;;;;;;;;;;;x
EVTOPTA_REP_017;正確な海図は何物にも代えがたい。;;;;;;;;;;;;x
EVTDESC_REP_018;[Root.MercRepCapital.GetName]の港が何やら騒がしい。一家の交易ガレー船団に所属する一隻の船長が、酔っぱらって船を桟橋に激突させたのだ。船長は激怒した群衆によって半殺しにされたが、他の都市貴族たちによって港の施設への損害の責任を自分が負わされる羽目になった。;;;;;;;;;;;;x
EVTOPTA_REP_018;あの酔っ払いめ。;;;;;;;;;;;;x
EVTOPTB_REP_018;奴にも同情の余地はある……;;;;;;;;;;;;x
EVTDESC_REP_020;先週、我が一家の交易ガレー船の船長が[From.GetOnlyDynastyName]家の船に波間を漂っているところを救助された。船長は飢えと壊血病で半ば正気を失っていたが、船員たちが反乱を起こして自分を海に投げ込んだのだ、と切れ切れに語った。どうやら船を乗っ取った船員たちは、海賊として生きる道を選んだらしい。;;;;;;;;;;;;x
EVTOPTA_REP_020;船が……積荷が……くそ！;;;;;;;;;;;;x
EVTNAME_REP_101;大舞踏会;;;;;;;;;;;;x
EVTDESC_REP_101;[From.GetTitledName]が近々、[From.GetHerHis]の一族の宮殿で大舞踏会を開催する。この催しには、共和国内のすべての都市貴族が招待されている。例外は我が一家だけだ。我が一家は現在、[From.GetOnlyDynastyName]家といくつかの重要な市場を巡って競争状態にあり、そのため両家の関係は緊張感漂うものとなっているのだ。\n\n[Root.GetOnlyDynastyName]の人間を招待しないことは、明らかに自分に対する重大な侮辱だ。この仕打ちにどう対処すべきか、宮殿の居室で椅子に座って考えを巡らせた。招待状が届かなかったのは何かの手違いだったのだと思っているふりをして、何食わぬ顔で会場に赴くべきだろうか？　それともおとなしく引き下がり、[Root.GetOnlyDynastyName]家へのこの侮辱を甘受すべきだろうか？;;;;;;;;;;;;x
EVTOPTA_REP_101;馬車の用意を！;;;;;;;;;;;;x
EVTOPTB_REP_101;べつに行きたくなんかないぞ。どうせ退屈に決まってるんだ……;;;;;;;;;;;;x
no_ball_tooltip;家でぼんやり過ごします。;;;;;;;;;;;;x
EVTTOOLTIP_REP_102;招待されていようがいるまいが舞踏会に参加することにした。;;;;;;;;;;;;x
EVTNAME_REP_102;大舞踏会場にて……;;;;;;;;;;;;x
EVTDESC_REP_102;供を従え、[FromFrom.GetOnlyDynastyName]一族の宮殿の前に着くと、門番の静止を無視して建物の中へと入った。舞踏会の会場に楽しげな音楽と笑い声に満ちていたが、自分が現れた途端に潮が引くように消えた。全員の目が自分に注がれる中、聞こえるのはひそひそと囁きかわす声だけだ。\n\n「[Root.GetTitledFirstName]！」誰かが叫ぶ。人混みをかき分けて[FromFrom.GetTitledFirstName]が現れた。その顔には笑みが浮かんでいる。「これはこれは、よくお越しくださいました。招待状をお見せいただけますか？」返答に窮していると、衛兵たちが自分と供の者たちをぐるりと取り囲んだ。「お持ちでない？　それは残念。」　[FromFrom.GetFirstName]が手を振って合図すると、衛兵たちは自分と供の者全員を会場から引きずり出し、宮殿入口の階段の上から下へ突き飛ばした。勝ち誇った笑みを浮かべて[FromFrom.GetFirstName]は地面に突き飛ばされた自分たちを見下ろしていた。;;;;;;;;;;;;x
EVTOPTA_REP_102;覚えていろ、[FromFrom.GetFirstName]！この礼はきっとするぞ！;;;;;;;;;;;;x
feud_begins_tooltip;こうして血で血を洗う抗争の幕が上がった……;;;;;;;;;;;;x
EVTNAME_REP_104;さらに盛大な舞踏会を;;;;;;;;;;;;x
EVTDESC_REP_104;憎むべき[From.GetOnlyDynastyName]家に仕返しをするには、彼らが催したのよりもっと盛大な舞踏会を開催すれば良い。すべての都市貴族の一族がそれに招待される。もちろん[From.GetOnlyDynastyName]を除いてだ。\n\nこの企てを成功させるには、自分が主催する舞踏会をあのずる賢い[From.GetTitledFirstName]が催したものよりずっと大規模で華やかなものにしなくてはならない。かなりの費用がかかるだろうが、うまくやれば自分の威信を取り戻し、[From.GetOnlyDynastyName]の豚どもには屈辱を味わわせることができるだろう。;;;;;;;;;;;;x
EVTOPTA_REP_104;金に糸目はつけんぞ！;;;;;;;;;;;;x
EVTOPTB_REP_104;子供っぽい見栄の張り合いなんて御免だ。;;;;;;;;;;;;x
no_own_ball_tooltip;今回のことはすべて忘れることにします。;;;;;;;;;;;;x
EVTTOOLTIP_REP_105;壮麗な舞踏会の準備に取り掛かります。;;;;;;;;;;;;x
EVTNAME_REP_105;舞踏会の日;;;;;;;;;;;;x
EVTDESC_REP_105;主催する大舞踏会の日がやってきた。今日、[Root.MercRepCapital.GetName]の重要人物は、全員この宮殿に集まっている。もちろん[FromFrom.GetOnlyDynastyName]家の人間を除いてだ。衛兵たちにはあの一族の関係者は何人たりとも中に入れるなと厳命してある。\n\n会場の片隅で、どこかで見たような容貌をした髭の紳士が、[FromFrom.GetOnlyDynastyName]の舞踏会を引き合いに出しつつ、今日の舞踏会を不躾な言葉で論評している。声にもどうやら聞き覚えがあるようだ。もしや彼の正体は……？男に近づき、素早くその髭をむしり取ると、やはりその正体は[FromFrom.GetTitledFirstName]だった！「貴様！」\n\n[FromFrom.GetFirstName]は慌てふためき、こちらを乱暴に横に押しのけ、何人もの客を突き飛ばしながら、脱兎のごとく出口へ向けて駆け出していった。;;;;;;;;;;;;x
EVTOPTA_REP_105;いいざまだ！;;;;;;;;;;;;x
EVTNAME_REP_151;[From.GetOnlyDynastyName]家旗艦;;;;;;;;;;;;x
EVTDESC_REP_151;不倶戴天の敵である[From.GetOnlyDynastyName]家が、かつて存在したことのないような巨大なガレー船の建造を計画しているとの情報がもたらされた。完成の暁には、それは名高いヴェネツィア総督の旗艦、ブチェンタウロ号よりもさらに巨大で豪華なものになるだろう。まったく、[From.GetTitledFirstName]の自己顕示欲と傲慢さにはあきれる他ない。\n\n[Root.GetSpymasterName]の[Root.job_spymaster.GetTitledFirstName]が、この言語道断な計画を頓挫させる計略を考案した。[Root.job_spymaster.GetHerHim]の忠実な部下を[Root.MercRepCapital.GetName]にある[From.GetOnlyDynastyName]の造船所に船大工として潜入させ、細工をさせようというのだ。つまり、完成した船が致命的な構造的欠陥を持つよう、こっそり設計図を書きかえるのである。巧妙に行えば、船が完成して進水する日まで、誰にもそのことを気づかれずに済むだろう……;;;;;;;;;;;;x
EVTOPTA_REP_151;素晴らしい計略だ！;;;;;;;;;;;;x
EVTOPTB_REP_151;机上の空論だな。;;;;;;;;;;;;x
EVTNAME_REP_152;“海との結婚”の日;;;;;;;;;;;;x
EVTDESC_REP_152;[FromFrom.GetTitledFirstName]は、海によって生きるヴェネツィアの人々が毎年開催する“海との結婚”の儀式において、[FromFrom.GetOnlyDynastyName]家の新しい旗艦のお披露目をすることにした。この記念すべき日に[FromFrom.GetFirstName]は、[Root.RelHead.GetTitledFirstName]を招き、巨大な新造船の船上から儀式を見守ってもらおうと考えたのだ。やがて儀式が始まった。長い船の列が粛々と運河を航行する。教皇猊下が一個の指輪を海中に落とし、厳かに宣言した。「ここに我らは海との婚姻を……」\n\n聖下が最後まで言い終えぬうちに、ガレー船は傾き、沈み始めた！　猊下も[FromFrom.GetFirstName]も海に投げ出されたが、幸いにもすぐそばを走っていたゴンドラ船に救助された。万国の教会の頂点に立つ最高位の聖職者である教皇聖下は、びしょ濡れのローブの裾を振り回し、恥ずかしさで顔を真っ赤にしている[FromFrom.GetFirstName]に呪いの言葉を浴びせかけた。;;;;;;;;;;;;x
EVTOPTA_REP_152;フハハハハ！;;;;;;;;;;;;x
EVTNAME_REP_153;新造船が進水;;;;;;;;;;;;x
EVTDESC_REP_153;[FromFrom.GetOnlyDynastyName]の新たなる旗艦が完成した。進水式の日、この巨船が初めて海に浮かぶのをひと目見ようと、[Root.MercRepCapital.GetName]中の貴族が港に集まった。[FromFrom.GetTitledFirstName]は満足げにその様子を眺めていたが、群衆の中にこちらの姿を見つけた瞬間、その顔に得意の絶頂といった感じの笑みが浮かんだ。皆が見守る中、やがて巨大船の滑らかな船体はすべるように海面に進み、[FromFrom.GetOnlyDynastyName]家の紋章が描かれた帆がいっぱいに張られた。\n\nところが、なんの前触れもなく、巨大ガレー船の船体はすさまじい音を立てて真っ二つに折れてしまったではないか！　観衆が驚きで凍りつく中、[FromFrom.GetFirstName]はすぐにこちらへ振り向き、怒りに燃える眼差しでこちらをらみつけた。「貴様の仕業だな！」　やつは怒号を上げ、口から唾を飛ばしながらこちらにつかみかかってきたが、お付きの者たちがあわてて彼を引き離した。「[Root.GetFirstName]、どのような手を使ったのか知らないが、この礼は必ずするぞ！　わかったか、[Root.GetFirstName]？必ずだ！」;;;;;;;;;;;;x
EVTNAME_REP_154;海の獅子;;;;;;;;;;;;x
EVTDESC_REP_154;[Root.GetOnlyDynastyName]のガレー船の甲板に椅子を出して腰掛け、海を渡るさわやかな風と潮の香りを楽しんでいると、突如として何かが陽光を遮った。それはこの船の二倍の大きさはあろうかという巨大なガレー船で、わざと衝突すれすれの距離を通り過ぎ、甲板に雪崩込んだその曳き波に足をすくわれてこちらは転倒してしまった。その巨大船は[FromFrom.GetOnlyDynastyName]の新しい旗艦だったのだ！\n\n全身びしょ濡れになってやっとの思いで立ち上がると、巨大船の船上から高らかな笑い声が聞こえてきた。[FromFrom.GetTitledFirstName]が甲板から勝ち誇ったような笑顔を浮かべてこちらを見下ろしていたのだ。「誰かと思えば[Root.GetTitledFirstName]ではないか！その小船の乗り心地はどうだね？だが君が乗っているような小さな船は、大きな船が通る場所ではもっと気をつけたほうがいい。事故に巻き込まれては一大事だからね。」こちらは相手に表情をさとられまいと背を向けるしかなかった。;;;;;;;;;;;;x
EVTOPTA_REP_154;くそっ、あの豚め……！;;;;;;;;;;;;x
EVTNAME_REP_155;突然一通の招待状が……;;;;;;;;;;;;x
EVTDESC_REP_155;[Root.MercRepCapital.GetName]で公開処刑が行われることになり、その立会いをしなければならなくなった。いつもはこの手の事柄は退屈なものだが、連れてこられた死刑囚の顔を見て顔色が変わった。その死刑囚は[Root.job_spymaster.GetTitledFirstName]が[FromFrom.GetOnlyDynastyName]家の造船所に潜入させた男だったのだ。処刑人と罪人の傍らで[FromFrom.GetTitledFirstName]が現れ、こちらを見ると得意げな笑みを浮かべた。\n\n「この男をよくご覧ください。」[FromFrom.GetFirstName]は言った「この者はまさに共和国の敵です。この者は言語道断にも[FromFrom.GetOnlyDynastyName]家の旗艦の建造を妨害しようとしたのです。しかし幸いにも、その企みは手遅れになる前に暴かれました。そして陰で糸を引いていた者の存在も明らかになったのです……」そしてこちらの方をじっと見てきた。その視線が何を意味するかは言うまでもあるまい。;;;;;;;;;;;;x
EVTOPTA_REP_155;帰って対応策を考えよう……;;;;;;;;;;;;x
EVTNAME_REP_161;夜の訪問者;;;;;;;;;;;;x
EVTDESC_REP_161;眠れぬまま真夜中に目が覚めてしまったので、静まり返った宮殿の廊下を散歩することにした。どういう理由か、何か違和感を拭えず、窓から外を見ると、娘が下でセレナーデを歌う恋人らしき男にバルコニーの上から微笑みを送っているではないか！\n\n忌まわしいことに、相手の男は呪うべき[From.GetOnlyDynastyName]家の[From.GetTitledFirstName]ではないか！　手近にあった弓を取り口汚く罵りながら[From.GetFirstName]に向けて続けざまに矢を放つと、男は脱兎のごとく駆け出して茂みの中に消えた。そして[Root.GetOnlyDynastyName]家の名に恥じるこのような行いをしたことを叱責するため、泣き崩れる娘の部屋へと急いだ。;;;;;;;;;;;;x
EVTOPTA_REP_161;二度と会ってはならん！;;;;;;;;;;;;x
forbid_son_tooltip;息子にあの女との関係を続けることなど問題外だとはっきりさせておきます。;;;;;;;;;;;;x
fobid_daughter_tooltip;娘にあの男との関係を続けることなど問題外だとはっきりさせておきます。;;;;;;;;;;;;x
permit_love_tooltip;最初は怒りに我を忘れたものの、二人の恋路は邪魔しないことにします。;;;;;;;;;;;;x
end_feud_tooltip;すでにあまりにも多くの命が失われた。両家の争いはもう終わりにしなくてはならない。;;;;;;;;;;;;x
continue_feud_tooltip;我が子の死の責任は相手の一族にあると避難します。;;;;;;;;;;;;x
approve_plan_tooltip;息子の計画に賛成します。;;;;;;;;;;;;x
refuse_plan_tooltip;息子の計画に反対します。;;;;;;;;;;;;x
flagship_plan_approved_tooltip;計画に賛成します。;;;;;;;;;;;;x
flagship_plan_refused_tooltip;その計画はあまりに危険すぎるとして反対します。;;;;;;;;;;;;x
EVTOPTB_REP_161;焦りすぎていたかもしれない…愛し合う二人を引き裂くのはやめよう。;;;;;;;;;;;;x
EVTDESC_REP_163;眠れぬまま真夜中に目が覚めてしまったので、静まり返った宮殿の廊下を散歩することにした。どういう理由か、何か違和感を拭えず、息子の寝室の前を通りすぎると、中から微かに若い女の笑い声と肉欲に溺れる者達の音が聞こえるではないか！寝室の扉を吹き飛ばすと目に飛び込んできたのはベッドの上にいる息子とその恋人らしき女だった！\n\n忌まわしいことに、相手の娘は呪うべき[From.GetOnlyDynastyName]家の[From.GetTitledFirstName]ではないか！一家の名に恥じるこのような行いをした息子を激しく叱責すると、娘はシーツを巻きつけただけの姿でベッドから飛び出し、泣きながら闇の中に消えていった。激しく息子を叱りつける声と泣き叫ぶ彼女の声だけが宮殿の廊下に響き渡った。;;;;;;;;;;;;x
EVTOPTA_REP_163;二度と会ってはならん！;;;;;;;;;;;;x
EVTNAME_REP_164;かつてこれほどの悲劇があったろうか…？;;;;;;;;;;;;x
EVTDESC_REP_164;君が宮殿の食堂で夕食をとっていると、いきなり食堂の扉が荒々しく開かれ、[FromFrom.Father.GetTitledFirstName]が飛び込んできた。「息子はどこだ？」静止する衛兵を振り払い、[FromFrom.Father.GetFirstName]は君が座るテーブルに拳を叩きつけて叫ぶ。「おい[Root.GetFirstName]！　私の息子はどこだと聞いているんだ！」　彼は一枚の紙片をテーブルに叩きつけた。「私はせがれに、貴様の出来の悪い娘とは付き合うなとはっきり言った。ところが今朝になってみると、私宛てのこんな置手紙が残されているではないか！」\n\n彼は手紙を読み上げた。「父上、あなたは私に二度と彼女に会うなとお命じになりました。しかし……」彼は声をひそめて読みつづける。「……私と彼女は、すべてを終わらせることを決意しました。さようなら。」　君は悲鳴に近い声を上げて椅子から立ち上がり、娘の部屋へとつづく階段を駆け上がった。もちろん[FromFrom.Father.GetFirstName]も後からついてくる。娘の部屋の扉を開けてみると、若い二人は抱き合ったまま屍となって床に倒れており、かたわらには空になった毒薬の小瓶が転がっていた……;;;;;;;;;;;;x
EVTOPTA_REP_164;両家の争いが取り返しのつかない結果に……もう終わらせなければ。;;;;;;;;;;;;x
EVTOPTB_REP_164;貴様のせいで娘が！;;;;;;;;;;;;x
EVTDESC_REP_165;君が宮殿の食堂で夕食をとっていると、いきなり食堂の扉が荒々しく開かれ、[FromFrom.Father.GetTitledFirstName]が飛び込んできた。「娘はどこだ？」静止する衛兵を振り払い、[FromFrom.Father.GetFirstName]は君が座るテーブルに拳を叩きつけて叫ぶ。「おい[Root.GetFirstName]！　私の娘はどこだと聞いてるんだ！」　彼は一枚の紙片をテーブルに叩きつけた。「私はあの子に、貴様の出来の悪い息子とは付き合うなとはっきり言った。ところが今朝になってみると、私宛てのこんな置手紙が残されているではないか！」\n\n彼は手紙を読み上げた。「お父様、あなたは私に二度とあの方に会うなとお命じになりました。しかし……」彼は声をひそめて読みつづける。「……私たちは、すべてを終わらせることを決意しました。さようなら」　君は悲鳴に近い声を上げて椅子から立ち上がり、息子の部屋へとつづく階段を駆け上がった。もちろん[FromFrom.Father.GetFirstName]も後からついてくる。息子の部屋の扉を開けてみると、若い二人は抱き合ったまま屍となって床に倒れており、かたわらには空になった毒薬の小瓶が転がっていた……;;;;;;;;;;;;x
EVTOPTB_REP_165;貴様のせいで息子が！;;;;;;;;;;;;x
EVTNAME_REP_166;結婚式の日;;;;;;;;;;;;x
EVTDESC_REP_166;今日は実に喜ばしい日だ！敵対関係にあった[Root.GetOnlyDynastyName]家と[FromFrom.GetOnlyDynastyName]家だったが、若い二人の愛は二家の間の壁を乗り越えたのだ。自分と同様[FromFrom.Father.GetTitledFirstName]も二人に干渉することはせず、愛し合う二人に心からの祝福を与えたのだった。今日、二人は聖なる婚姻の絆で結ばれ、晴れて夫婦となった。\n\nこの結婚は、両家の末永い友好と平和の第一歩となることだろう。結婚式が終わった後の祝宴で、[FromFrom.Father.GetFirstName]と握手を交わし、葡萄酒で乾杯した。;;;;;;;;;;;;x
EVTOPTA_REP_166;両家の末永い繁栄を祈って乾杯しよう！;;;;;;;;;;;;x
EVTNAME_REP_168;恋人たちの死、そして和解;;;;;;;;;;;;x
EVTDESC_REP_168;今日、[Root.GetOnlyDynastyName]家と[From.GetOnlyDynastyName]家の人間が一堂に会し、亡くなった若き二人の葬儀が厳粛に営まれた。だが、悲しみの中にも希望の光はあった。君と[From.GetTitledFirstName]は、この悲劇があったからこそ、両家の主だった人間と対話する機会を得たのだ。\n\n両家は話し合いの結果、長年続いた争いに終止符を打つことを決めた。今生きている人間が、これまでの恨みや憎しみを完全に忘れることは難しいかもしれない。だがこれから生まれる[Root.GetOnlyDynastyName]家と[From.GetOnlyDynastyName]家の子供たちは、もはやお互いを敵視することなく共に成長できるだろう。;;;;;;;;;;;;x
EVTOPTA_REP_168;今日の日を永遠に心に刻もう。;;;;;;;;;;;;x
EVTNAME_REP_182;[Root.MercRepCapital.GetName]の密輸人;;;;;;;;;;;;x
EVTDESC_REP_182;以前から姑息な[FromFrom.GetOnlyDynastyName]家が[Root.MercRepCapital.GetName]に禁制品を密輸しているのではないかとは疑っていたが、遂にようやくそれが事実であると確信するに至った。無論、証拠はない。[FromFrom.GetTitledFirstName]は狡猾で、そうやすやすと尻尾をつかませはしないからだ。どうすれば奴らにひと泡吹かせてやれるかと書斎で策を練っていると、[From.GetFirstName]がやって来て、ある計画を提案した。\n\n曰く、[FromFrom.GetOnlyDynastyName]が雇った密輸人が、禁制品を満載した船で明晩[Root.MercRepCapital.GetName]に入港するとの情報をつかんだらしい。そこで、信頼できる部下を連れて港で密かに待ちかまえ、船が桟橋につながれるのと同時に襲撃して積荷を奪おうというのだ。[FromFrom.GetOnlyDynastyName]の密輸人に自分たちを襲ったのが何者かわかるはずはないし、仮にわかったとしてもどうすることもできはしない。もし[FromFrom.GetFirstName]が法的な手段に訴えようとすれば、密輸に手を染めていたことも必然的に明らかになってしまうからだ。強奪した密輸品を売りさばけば、かなりの利益を得ることもできるだろう。;;;;;;;;;;;;x
EVTOPTA_REP_182;素晴らしい考えだ、[From.GetFirstName]。さすがだな。;;;;;;;;;;;;x
EVTOPTB_REP_182;いかん。危険すぎる。;;;;;;;;;;;;x
EVTNAME_REP_185;密輸人に死を;;;;;;;;;;;;x
EVTDESC_REP_185;夜の闇に包まれた[Root.MercRepCapital.GetName]の港に密輸人たちの乗ったガレー船が静かに滑り込んできた。誰にも見られないよう、船の明かりをすべて消したまま、密輸人たちは月明かりだけを頼りに、巧みに船を波止場につける。\n\n投錨とほぼ同時に、仮面をつけた黒衣の男たちがどこからともなく現れ、ひらりと甲板に上がった。短剣が月光にきらめき、飛び交う矢が空気を切り裂く。すぐに五人の密輸人たちは屍となって港の暗い海に浮かび、ガレー船は[From.GetFirstName]の指揮の下、[Root.GetOnlyDynastyName]の港へ向けて出発した。;;;;;;;;;;;;x
EVTOPTA_REP_185;でかした！;;;;;;;;;;;;x
EVTNAME_REP_186;究極の犠牲;;;;;;;;;;;;x
EVTDESC_REP_186;真夜中に誰かが自分を呼ぶ声がした。宮殿のバルコニーに出て見下ろすと、宮殿の壁のすぐそばに、馬にまたがり、松明を掲げた男たちが数人いる。よく見るとその中には[FromFrom.GetTitledFirstName]の姿もある。その足元には、両手を後ろ手に縛られた[From.GetFirstName]の姿があった。「私の持ち船が貴様の部下に襲撃されたのだ、[Root.GetFirstName]。」　[FromFrom.GetFirstName]が言った。「さいわいにして賊は返り討ちにしたが、私にいらぬ手間をかけさせた貴様には迷惑料を払ってもらおう。」\n\n[From.GetFirstName]は馬に乗った男たちの静止を振り切って叫んだ。「父上、支払ってはいけません！　卑劣な[FromFrom.GetOnlyDynastyName]家の奴らを信用しないでください！」　[FromFrom.GetFirstName]は[From.GetFirstName]を剣の柄で激しく殴りつけた。「[Root.GetFirstName]よ、私の要求を呑めば息子の命は助けてやる。呑まないなら……」　そう言うと[FromFrom.GetFirstName]は無言で刃を[From.GetFirstName]の首にあてがった。;;;;;;;;;;;;x
EVTOPTA_REP_186;そんな金が払えるか！;;;;;;;;;;;;x
EVTOPTB_REP_186;金なら払う！　[From.GetFirstName]を放してくれ！;;;;;;;;;;;;x
EVTOPTC_REP_186;息子よ、顔を上げ、誇りを示せ。その下衆どもに[Root.GetOnlyDynastyName]家の人間の死に様を見せてやるのだ。;;;;;;;;;;;;x
EVTNAME_REP_191;通行権;;;;;;;;;;;;x
EVTDESC_REP_191;今日の[Root.MercRepCapital.GetName]の港は、いつにもまして混雑している。しかし君は、予定どおり一族が所有するガレー船で出かけることにした。君に仕える船長は外洋を目指し、巧みに船を操って港を埋め尽くしたおびただしい商船の間をすり抜けていく。\n\nところがようやく港を出かかったところで、[From.GetOnlyDynastyName]の旗を掲げたガレー船が、突如として君の進路を遮った。轟音とともに激突する二隻のガレー船。さいわい、オールが何本か折れただけで、船体に重大な損傷は発生しなかったようだ。しかし[From.GetOnlyDynastyName]のガレー船の甲板に立つ[From.GetTitledFirstName]は、口汚く君を罵り、君がわざと船を衝突させたと非難した。さらに彼は、自分には君より先に港を出る権利があるのだと主張した。;;;;;;;;;;;;x
EVTOPTA_REP_191;ふざけおって。戦闘準備だ！;;;;;;;;;;;;x
battle_tooltip;我慢の限界だ。奴の貴重な船を沈めることに決めました。;;;;;;;;;;;;x
no_battle_tooltip;相手に道を譲るよう船員に伝えます。;;;;;;;;;;;;x
EVTOPTB_REP_191;あの馬鹿がそれで満足するなら先に行かせよう。;;;;;;;;;;;;x
EVTNAME_REP_192;戦闘開始！;;;;;;;;;;;;x
EVTDESC_REP_192;君の船の戦闘準備は整った。[FromFrom.GetTitledFirstName]もすぐに応戦の用意を整える。両船の甲板に弓兵がずらりと並び、火のついた矢が2隻の船の間を激しく飛び交い始める。そばには何隻もの商船がいたが、巻き込まれまいとあわててその場から逃げていく。2隻のガレー船は激しく戦いながら、並んで外洋へと漂い出た。\n\nやがて[FromFrom.GetOnlyDynastyName]のガレー船の帆が燃え始めた。しかし君の船も浸水が激しく、それを見て喜んでいる余裕はない。もはやどちらの船も沈むのは時間の問題という状況で、互いが互いの船に乗り込んで戦う激しい白兵戦がつづけられた。やがて双方のガレー船は完全に海面下に姿を消したが、君と[FromFrom.GetFirstName]は波間に漂うひとつの残骸にしがみつき、なおも互いを口汚く罵りつづけた。;;;;;;;;;;;;x
EVTOPTA_REP_192;これで満足か！;;;;;;;;;;;;x
flotsam_tooltip;生き残ったのは君と彼だけだった。君たちはなすすべもなく海上を漂流した……;;;;;;;;;;;;x
EVTNAME_REP_194;勤苦の日々;;;;;;;;;;;;x
EVTDESC_REP_194;何日も波間を漂った後、君と[From.GetTitledFirstName]はようやく付近を通過したガレー船に拾われた。命拾いしたと胸をなでおろした君だったが、その喜びはすぐに不吉な笑みを浮かべたガレー船の船長の言葉で打ち砕かれた。「野郎ども、見てみろ。クモの巣に獲物がひっかかりやがったぞ。」\n\n君と[From.GetFirstName]は海賊船の船底で他の奴隷と一緒に鎖につながれた。鞭のうなりと単調な太鼓の響きに合わせてひたすら櫂を漕ぐ君たち。あまりの過酷さに意識を失いかけたとき、[From.GetFirstName]が自分に割り当てられていた水を君に飲ませてくれた。それを奴隷監督に見つかり、彼は激しく鞭打たれたが、奴隷監督がそちらに気を取られている隙に、君は自分をつないでいる鎖が錆びて切れかかっていることを目ざとくみつけた。この船は今、陸からそう遠くない場所を航行しているはずだ。鎖を切ることができれば……;;;;;;;;;;;;x
flee_ship_tooltip;君は海に飛び込み、陸を目指して泳いだ。;;;;;;;;;;;;x
rescue_rival_tooltip;君はかつての敵を置き去りにはできないと思い定めた。;;;;;;;;;;;;x
EVTOPTA_REP_194;あばよ、阿呆どもめ！;;;;;;;;;;;;x
EVTOPTB_REP_194;[From.GetFirstName]を置いては行けない。;;;;;;;;;;;;x
EVTNAME_REP_195;反乱;;;;;;;;;;;;x
EVTDESC_REP_195;君は自分をつないでいた鎖を断ち切り、それを使って[From.GetFirstName]を激しく鞭打つ奴隷監督の首を絞めあげた。それを見た他の奴隷たちも一斉に手近の海賊に襲いかかった。大混乱の中、君は倒れた海賊が落とした剣を使い、[From.GetFirstName]の鎖も切ることに成功した。それから君と彼は、力をあわせて残りの奴隷も次々と解放していき、すぐに船の支配権を賭けた本格的な反乱が始まった。\n\n多くの奴隷が切り殺されたが、奴隷たちの方が圧倒的に数が多く、やがて生きている海賊は傷を負った船長だけになった。「これからどうする？」　船を[Root.MercRepCapital.GetName]に向けて航行させながら、君は[From.GetFirstName]に尋ねた。「そうだな……」[From.GetFirstName]が答える。「すべて水に流そう。私の一族と君の一族の争いはもう終わりだ。我々はともに大きな苦難を乗り越えたのだから。」　そう言って彼は君に手を差し出した……;;;;;;;;;;;;x
EVTOPTA_REP_195;賛成だ、友よ。;;;;;;;;;;;;x
EVTOPTB_REP_195;これまで貴様ら一族がしたことを忘れろと？　冗談じゃない！;;;;;;;;;;;;x
feud_over_tooltip;握手をし、この確執に終止符を打ちます。;;;;;;;;;;;;x
feud_continues_tooltip;君は自分の一族に対する彼らの過去の仕打ちを赦せなかった。;;;;;;;;;;;;x
EVTNAME_REP_201;[From.GetTitle]の怒り;;;;;;;;;;;;x
EVTDESC_REP_201;今は[Root.GetOnlyDynastyName]家にとって受難の時だ。自他ともに認める仇敵、卑劣なる[From.GetTitledFirstName]に率いられた[From.GetOnlyDynastyName]家が、策略と裏切りによって共和国の統治者の地位を手に入れたのだ。\n\n[From.GetTitle]は依然として都市貴族の大半からの支持を必要としているので、[From.GetFirstName]もこちらに対してあからさまな嫌がらせをする度胸はない。しかし、だからと言ってあきらめるような相手ではなかった。[From.GetFirstName]はその地位を利用し、あらゆる手口を使って[Root.GetOnlyDynastyName]の名を貶めたのだ。;;;;;;;;;;;;x
EVTOPTA_REP_201;いつかこの借りは返す。必ず。;;;;;;;;;;;;x
EVTDESC_REP_203;[Root.GetTitle]となり、古くからの敵である[From.GetOnlyDynastyName]家に対して行動に打って出られる特別な地位を得ることになった。ただし、直接的な手段に訴えれば他の都市貴族の怒りを買うことになってしまうだろう。その支持は共和国を我が一家が確実に支配するために必要なものなのだ。\n\n[From.GetOnlyDynastyName]家は未だに[Root.MercRepCapital.GetName]の多くの地区で大いに支持されているが、現在のこの地位を利用すれば裏工作を以て奴らに嫌がらせを行うことも容易だ。そうして集中的なロビー活動を以て[From.GetOnlyDynastyName]家の名と支持を貶めることに成功したのである。;;;;;;;;;;;;x
EVTOPTA_REP_203;[Root.GetTitle]の言葉をしかと聞け！;;;;;;;;;;;;x
EVTNAME_REP_206;[Root.MercRepCapital.GetName]で暴動発生！;;;;;;;;;;;;x
EVTDESC_REP_206;我が一家の支持者と[From.GetOnlyDynastyName]家のならず者どもが[Root.MercRepCapital.GetName]で衝突した！酒場でのささいな喧嘩が、両家の商船に乗り組んでいる数百人の船乗りたちを巻き込み、手のつけられない乱戦に発展したのだ。\n\nすでに十名を超える死者が発生し、この混乱に乗じて数軒の商店が略奪されている。他の都市貴族は、この事件に不快感をあらわにしている。;;;;;;;;;;;;x
EVTOPTA_REP_206;先に手を出したのは向こうだ！;;;;;;;;;;;;x
HINT_FACTIONS_VIEW_TITLE;派閥インターフェース;;;;;;;;;;;;x
HINT_FACTIONS_VIEW_TEXT_1;国内に存在する「派閥」を見ることができます。家臣は、「国主の権威を下げる」、「僭称者を統治者の座に着ける」といった特定の目的を達成するため、派閥を結成して主君に対抗する場合があります。派閥は、掲げている目標に賛同する他の家臣が加わることによって大きくなります。;;;;;;;;;;;;x
HINT_FACTIONS_VIEW_TEXT_2;派閥が充分に強力な場合、自分の主君に最後通牒を通知します。これが拒否されれば、内戦を引き起こす可能性があります。;;;;;;;;;;;;x
HINT_FACTIONS_VIEW_TEXT_3;家臣を派閥から抜けさせる方法はいくつかあります。つまり、密偵頭を相手の領地に送り込んで策謀を行わせる、贈り物をして自分に対する評価を高める、一か八か相手を暗殺する、等です。派閥が複数のメンバーで構成されている場合、その指導者がなんらかの理由で派閥を抜けた場合は、他のメンバーが自動的に指導者の座を引き継ぎます。;;;;;;;;;;;;x
HINT_FACTIONS_VIEW_TEXT_4;画面の上の方には、主君であるあなたに対して家臣が形成している派閥が表示されています。あなた自身が主君に仕える身である場合、下の方にあなたや同輩の家臣が形成した派閥が表示されます。;;;;;;;;;;;;x
HINT_REPUBLIC_VIEW_TITLE;共和国インターフェース;;;;;;;;;;;;x
HINT_REPUBLIC_VIEW_TEXT_1;これは「商業共和国」専用のインターフェースで、都市貴族として共和国に君臨する名門5家の概要が表示されます。商業共和国の統治者は終身制ですが、その死後、必ずしも後継者が地位を継ぐとは限りません。;;;;;;;;;;;;x
HINT_REPUBLIC_VIEW_TEXT_2;「敬意」は、年齢、名声、選挙運動費への投資額に応じて都市貴族が獲得できる値です。最も敬意値が高い都市貴族が次の統治者の最有力候補となりますが、たとえそうなっても、その人物が確実に次の総督に選出されるとは限りません。;;;;;;;;;;;;x
HINT_REPUBLIC_VIEW_TEXT_3;「一族の宮殿」は、王朝が完全に断絶するまで持ち続けることのできる特別な所領です。これはマップに表示されないので、敵に奪われる心配もありません。この宮殿があるおかげで、都市貴族は通常の封建領主と異なり、領地をすべて失ってもプレイを継続できるのです。;;;;;;;;;;;;x
HINT_REPUBLIC_VIEW_TEXT_4;宮殿の下には一族が所有するすべての「交易所」と、それらがもたらす収入が表示されます。交易所は、自国だけでなく他国の州にも建設できます。交易所は、交易を柱とする商業共和国にとって、なくてはならない施設です。;;;;;;;;;;;;x
HINT_PLOT_VIEW_TEXT_2;選択できる「決断」の種類は、キャラクターの宗教など様々な要素に左右されます。決断には、新たな貴族を招くといったものから大武芸大会の開催まで、ありとあらゆる種類があります。;;;;;;;;;;;;x
HINT_PLOT_VIEW_TEXT_1;この画面では「陰謀」を開始できます。また、選択できる様々な「決断」も表示されています。進行中の陰謀や反抗的な家臣、捕虜の一覧を確認できる便利なリストもあります。;;;;;;;;;;;;x
HINT_CHAR_VIEW_TEXT_1;人物の画像をクリックすると、キャラクター画面が開きます。この画面には、技能、特質、称号、近しい人物など、その人物に関する詳細な情報が表示されます。また、ここでは人物の「野心」も選択できます。;;;;;;;;;;;;x
plot_seize_trade_post_title;[This.GetName]の交易所を奪取する;;;;;;;;;;;;x
plot_seize_trade_post_desc;[This.GetName]の交易所を押さえることにより、広い範囲で権利を行使できるようになります。;;;;;;;;;;;;x
EVTDESC_REP_45;ハンブルクの複数の有力な商人から接触を受けた。帝国の北岸を活動地域とする交易連合、ハンザ同盟を結成する承認を得たいという。ハンザ同盟の結成を認め、ハンブルクを帝国自由都市とすれば、その交易から莫大な利益を得ることができるだろう。;;;;;;;;;;;;x
EVTDESC_REP_46;ブレーメンの複数の有力な商人から接触を受けた。帝国の北岸を活動地域とする交易連合、ハンザ同盟を結成する承認を得たいという。ハンザ同盟の結成を認め、ブレーメンを帝国自由都市とすれば、その交易から莫大な利益を得ることができるだろう。;;;;;;;;;;;;x
EVTDESC_REP_47;リューベックの複数の有力な商人から接触を受けた。帝国の北岸を活動地域とする交易連合、ハンザ同盟を結成する承認を得たいという。ハンザ同盟の結成を認め、リューベックを帝国自由都市とすれば、その交易から莫大な利益を得ることができるだろう。;;;;;;;;;;;;x
EVTDESC_REP_48;メクレンブルクの複数の有力な商人から接触を受けた。帝国の北岸を活動地域とする交易連合、ハンザ同盟を結成する承認を得たいという。ハンザ同盟の結成を認め、メクレンブルクを帝国自由都市とすれば、その交易から莫大な利益を得ることができるだろう。;;;;;;;;;;;;x
EVTDESC_REP_49;ロストックの複数の有力な商人から接触を受けた。帝国の北岸を活動地域とする交易連合、ハンザ同盟を結成する承認を得たいという。ハンザ同盟の結成を認め、ロストックを帝国自由都市とすれば、その交易から莫大な利益を得ることができるだろう。;;;;;;;;;;;;x
EVTOPTA_REP_45;承認しようではないか。;;;;;;;;;;;;x
EVTOPTB_REP_45;余の目が黒いうちは許さぬ！;;;;;;;;;;;;x
permit_hansa_tooltip;ハンザ同盟の結成を承認します。;;;;;;;;;;;;x
deny_hansa_tooltip;ハンザ同盟の結成を承認しません。;;;;;;;;;;;;x
EVTNAME_REP_61;ハンザ同盟の台頭;;;;;;;;;;;;x
EVTDESC_REP_61;複数の商人ギルドとヨーロッパ北部沿岸に位置するいくつかの交易都市が、神聖ローマ帝国の[FromFrom.TopLiege.GetTitledFirstName]の承認を得たうえで、[From.MercRepCapital.GetName]においてハンザ同盟を結成した。この自由帝国都市の緩やかな連合体の目的は、構成員の継続的な経済的繁栄と彼らが運航する商船の安全確保にあった。だが、もちろん彼ら自身は決して明言しないものの、その究極の目的はバルト海と北海の交易の独占にあった……;;;;;;;;;;;;x
EVTOPTA_REP_61;これは一波乱ありそうだな……;;;;;;;;;;;;x
EVTOPTB_REP_61;新しい敵だ！;;;;;;;;;;;;x
EVTDESC_REP_300;[Root.GetOnlyDynastyName]家が[From.GetPlot]するときがやって来た。我々が関与することにより、共和国にいっそうの利益がもたらされることは間違いない。;;;;;;;;;;;;x
EVTOPTA_REP_300;乗っ取れ！（陰謀達成力100%）;;;;;;;;;;;;x
EVTOPTA_REP_300_tooltip;交易所の指揮権を自分で奪い取るのに必要な支持を得ています。;;;;;;;;;;;;x
EVTOPTB_REP_300;乗っ取れ！（陰謀達成力150%）;;;;;;;;;;;;x
EVTOPTB_REP_300_tooltip;交易所乗っ取りの陰謀において圧倒的な支持を得ています。;;;;;;;;;;;;x
EVTOPTC_REP_300;交易所の商人を買収せよ！（陰謀達成力100%未満）;;;;;;;;;;;;x
EVTOPTC_REP_300_tooltip;十分な支持を得られていなくても、賄賂で埋め合わせられる。;;;;;;;;;;;;x
EVTOPTD_REP_300;もう少し時間が必要だ。;;;;;;;;;;;;x
EVTOPTD_REP_300_tooltip;決行はもう少し待ってからにします。;;;;;;;;;;;;x
EVTDESC_REP_301;[From.GetPlot]することを狙う卑劣なる[From.GetOnlyDynastyName]家に配下の商人が買収された！交易所の支配権が失われるのももはや時間の問題だ。;;;;;;;;;;;;x
EVTOPTA_REP_301;彼らにもっと良い条件を提示しよう。;;;;;;;;;;;;x
EVTOPTA_REP_301_tooltip;交易所の商人たちの忠誠心をつなぎとめるために多額の賄賂を贈った。;;;;;;;;;;;;x
EVTOPTB_REP_301;どいつもこいつも呪われろ！　そんなに欲しければくれてやる。;;;;;;;;;;;;x
EVTOPTB_REP_301_tooltip;交易所が他の一族に奪われた。;;;;;;;;;;;;x
EVTDESC_REP_302;毒蛇のような[From.GetOnlyDynastyName]家が[From.GetPlot]するのに十分な支持を集めた。あの交易所の商人たちは、交易所の支配権を彼らに譲り渡そうとしている。;;;;;;;;;;;;x
EVTOPTA_REP_302;やれやれ……賄賂を用意しろ。;;;;;;;;;;;;x
EVTOPTA_REP_302_tooltip;交易所の商人たちの忠誠心をつなぎとめるため賄賂を贈ります。;;;;;;;;;;;;x
EVTOPTB_REP_302;どいつもこいつも呪われろ！　そんなに欲しければくれてやる。;;;;;;;;;;;;x
EVTOPTB_REP_302_tooltip;交易所が他の一族に奪われた。;;;;;;;;;;;;x
EVTDESC_REP_303;[From.GetOnlyDynastyName]の資金は潤沢なようだ。彼らは交易所の商人が今までどおり彼らに忠誠を尽くすよう、多額の賄賂を贈った。;;;;;;;;;;;;x
EVTOPTA_REP_303;なら、それ以上の額を贈るだけだ！;;;;;;;;;;;;x
EVTOPTA_REP_303_tooltip;敵より多くの賄賂を積みます。;;;;;;;;;;;;x
EVTOPTB_REP_303;こんな買収合戦、続けられるものか……;;;;;;;;;;;;x
EVTOPTB_REP_303_tooltip;敗北を認めます。交易所の所有権は移りません。;;;;;;;;;;;;x
EVTDESC_REP_304;頑迷なる[From.GetOnlyDynastyName]の者どもは、どうしてもあの交易所が欲しいらしい。彼らはあそこの商人に以前よりさらに多額の賄賂を贈り、商人たちに[From.GetOnlyDynastyName]への忠誠を再び誓わせた。;;;;;;;;;;;;x
EVTOPTA_REP_304;負けてなるものか……;;;;;;;;;;;;x
EVTOPTA_REP_304_tooltip;tooltip;;;;;;;;;;;;x
EVTOPTB_REP_304;もうあきらめよう……;;;;;;;;;;;;x
EVTOPTB_REP_306_tooltip;敗北を認めます。交易所の所有権が移ります。;;;;;;;;;;;;x
EVTDESC_REP_305;[From.GetOnlyDynastyName]家の[From.GetTitledFirstName]はこちらが前回贈った以上の賄賂を商人たちに対し提示した。買収合戦は彼らの勝利に終わり、交易所は引き続き彼らによって支配されることになった。しかしこの醜い争いにおける真の、そして唯一の勝利者は、あの交易所を運営する肥え太った商人たちであろう。;;;;;;;;;;;;x
EVTOPTA_REP_305;あの業突く張りどもめ……;;;;;;;;;;;;x
EVTDESC_REP_306;[From.GetOnlyDynastyName]家はついに敗北を認めた。この交易所は自分のものだ！;;;;;;;;;;;;x
EVTOPTA_REP_306;素晴らしい。;;;;;;;;;;;;x
EVTDESC_REP_308;薄汚い[From.GetOnlyDynastyName]家の悪党どもが[From.GetPlot]するための圧倒的な支持を取り付けた！　あの交易所を運営する商人たちは、交易所の支配権を彼らに譲り渡してしまった。;;;;;;;;;;;;x
EVTOPTA_REP_308;恩知らずどもめ！;;;;;;;;;;;;x
EVTDESC_REP_310;[From.PlotTarget.Owner.GetOnlyDynastyName]家の権力と影響力の拡大はとどまることを知りません。強大になりつづける彼らの交易帝国は、共和国内の力の均衡を崩す深刻な脅威となるのではないかと心配です。危機を未然に防ぐため、[From.GetOnlyDynastyName]家が[From.GetPlot]することができるよう、閣下にご支持いただきたくお願い申し上げます。\n\n署名\n[From.GetTitledName];;;;;;;;;;;;x
EVTOPTA_REP_310;[From.PlotTarget.Owner.GetOnlyDynastyName]はたしかに強大になりすぎた。;;;;;;;;;;;;x
EVTOPTB_REP_310;共和国の一員である限り、支配者が誰かはどうでも良いことだ。;;;;;;;;;;;;x
EVTDESC_REP_311;[FromFrom.GetTitledFirstName]と慎重に協議した結果、[FromFrom.PlotTarget.GetName]の交易所を[FromFrom.GetOnlyDynastyName]家の支配下に置くことが共和国にとって最善であると判断いたしました。権利の委譲が円滑に行われるよう、どうか必要な手続きをとっていただきたくお願い申し上げます。\n\n署名\n[From.GetTitledName];;;;;;;;;;;;x
EVTOPTA_REP_311;かくして[FromFrom.GetFirstName]は[From.GetTitle]に涙ながらに訴えた……;;;;;;;;;;;;x
EVTDESC_REP_312;私に貴君と[Root.PlotTarget.Owner.GetOnlyDynastyName]家の争いに関与する意志はない。交易所にどの一族の旗が掲げられようが、その隣に共和国の旗が掲げられている限り、私としては何の問題もないからだ。二度とこのようなくだらない問題で私の時間を無駄にしないでほしい。\n\n署名\n[From.GetTitledName];;;;;;;;;;;;x
EVTOPTA_REP_312;これまでずいぶん役に立ってくれたが……;;;;;;;;;;;;x
EVTDESC_REP_313;[Root.GetTitledFirstName]、貴君の主張はしごくもっともだ。私としても[Root.PlotTarget.Owner.GetOnlyDynastyName]家が際限なく強大になるのを看過することはできない。他の一族の利益のため、私はすでに[Root.PlotTarget.Owner.GetTitledFirstName]に対し、本件に関する私の意向を伝えてある。あの交易所は貴君のものだ。\n\n署名\n[From.GetTitledName];;;;;;;;;;;;x
EVTOPTA_REP_313;感謝します、[From.GetTitle]！;;;;;;;;;;;;x
EVTTOOLTIPREP.300;交易所に対する行動に移ることにします。;;;;;;;;;;;;x
plot_seize_trade_post_decision;[Root.GetPlot];;;;;;;;;;;;x
plot_seize_trade_post_decision_desc;交易所を乗っ取るという陰謀を実行に移す。;;;;;;;;;;;;x
EVTOPTE_REP_300;[Root.Liege.GetTitle]に力添えを願うべきかもしれないな……;;;;;;;;;;;;x
EVTOPTE_REP_300_tooltip;[Root.Liege.GetTitle]に書状を送ります。;;;;;;;;;;;;x
opinion_seized_tp;交易所を奪取した;;;;;;;;;;;;x
EVTTOOLTIPREP.311;交易所の所有者を変更するとの決定を伝えます。;;;;;;;;;;;;x
EVTTOOLTIPREP.313;この件に関わる気はないとの意向を伝えます。;;;;;;;;;;;;x
ca_con_wall_1;巨大な石壁;;;;;;;;;;;;x
ca_con_wall_2;アナスタシオスの壁;;;;;;;;;;;;x
ca_con_wall_3;コンスタンティヌスの壁;;;;;;;;;;;;x
ca_con_wall_4;テオドシウスの城壁;;;;;;;;;;;;x
ca_con_wall_4_desc;テオドシウスの壁は、5世紀初頭の皇帝テオドシウス2世の治世時に建設されましたが、これらはまだ人の手によって建設された最も恐るべき要塞の一部として残っています。;;;;;;;;;;;;x
ca_con_wall_5;改良型テオドシウスの城壁;;;;;;;;;;;;x
ca_con_wall_5_desc;偉大なるテオドシウスの城壁は、何世紀も前に建設されたときよりも強くするために、修理と補強が施され、強化されました。;;;;;;;;;;;;x
ct_rep_wall_1;都市の内部防壁;;;;;;;;;;;;x
ct_rep_wall_1_desc;この内部防壁は攻撃者から中心地を守りますが、外側の地区の防衛は彼らの力に委ねられています。;;;;;;;;;;;;x
ct_rep_wall_2;都市の外部防壁;;;;;;;;;;;;x
ct_rep_wall_2_desc;この外部防壁は都市全体を取り囲み、突破された場合は内部防壁に退却する機会を与えます。;;;;;;;;;;;;x
ct_rep_wall_3;要塞門;;;;;;;;;;;;x
ct_rep_wall_3_desc;都市の防壁に沿って戦略的な場所にいくつか要塞門が建設され、訪問する商人が簡単に通過できるようになります。;;;;;;;;;;;;x
ct_rep_wall_4;港の砦;;;;;;;;;;;;x
ct_rep_wall_4_desc;都市の港は砦に守られており、港から出入りを阻止するために海底の大きな鎖を迅速に持ち上げることができます。;;;;;;;;;;;;x
ct_rep_wall_5;要塞;;;;;;;;;;;;x
ct_rep_wall_5_desc;この壮大な砦は、都市の防衛網の中心にあり、他の場所が陥落した後でも包囲に耐えるように備えられています。;;;;;;;;;;;;x
EVTDESC_REP_401;今日、[From.GetTitledFirstName]が、[Root.MercRepCapital.GetName]の女性との結婚を発表した。さほど名門とは言えない家柄の女性だが、彼らの将来に幸あらんことを。;;;;;;;;;;;;x
EVTOPTA_REP_401;まあ、めでたいことには違いない。;;;;;;;;;;;;x
EVTDESC_REP_405;[From.GetTitledFirstName]が[Root.MercRepCapital.GetName]の歓楽街で知り合った娼婦にぞっこんになってしまったらしい。すでに彼は彼女に結婚を申し込み、彼女もそれを承諾したという話だ。;;;;;;;;;;;;x
EVTOPTA_REP_405;それはそれは……;;;;;;;;;;;;x
EVTDESC_REP_406;[From.GetTitledFirstName]が、[Root.MercRepCapital.GetName]郊外の農村に住む農民の娘に心を奪われてしまったらしい。かなりの器量良しらしいその娘は、彼の求婚を承諾したそうだ。;;;;;;;;;;;;x
EVTOPTA_REP_406;それは良かった。;;;;;;;;;;;;x
EVTDESC_REP_407;驚いたことに、[From.GetTitledFirstName]が今日、[Root.MercRepCapital.GetName]の豪商の娘との結婚を発表した。相手の一族は政治的にはたいした影響力を持っていないし、当の娘はかなり個性的な容貌の持ち主らしいが、莫大な資産が[From.GetFirstName]を結婚に踏み切らせたのかもしれない。;;;;;;;;;;;;x
EVTOPTA_REP_407;べつに驚くにはあたるまい。;;;;;;;;;;;;x
EVTDESC_REP_409;今、[From.GetTitledFirstName]は召使いの娘にぞっこんだ。相手は彼の半分の年齢で、彼は彼女の父親よりも年上なのだが、彼は贈り物や甘い言葉の雨あられで彼女の心をつかむことに成功したらしく、今日、二人はめでたく夫婦になったそうだ。;;;;;;;;;;;;x
EVTOPTA_REP_409;助平親父め。;;;;;;;;;;;;x
EVTDESC_REP_411;[From.GetTitledFirstName]が[Root.MercRepCapital.GetName]に住むかなり年上の行かず後家のもとへ足しげく通っているという噂は以前から流れていたが、ついに今日、彼はその女性との関係を正式に認め、近々結婚する予定であることを発表した。;;;;;;;;;;;;x
EVTOPTA_REP_411;噂は本当だったのか！;;;;;;;;;;;;x
EVTDESC_REP_413;しばらく前に[Root.GetOnlyDynastyName]家が所有する商船が、遥かな南方の国からその地の貴人を賓客としてつれ帰ったのだが、[From.GetTitledFirstName]がそのうちの一人の女性に心を奪われてしまったらしい。何週間もかけて熱心に口説いたかいあって、彼女は彼と同じ宗教に改宗し、彼と結婚して[Root.MercRepCapital.GetName]に住むことに同意したそうだ。;;;;;;;;;;;;x
EVTOPTA_REP_413;運命が二人を引き合わせたのだろう。;;;;;;;;;;;;x